id,site,job_url,job_url_direct,title,company,location,date_posted,job_type,salary_source,interval,min_amount,max_amount,currency,is_remote,job_level,job_function,listing_type,emails,description,company_industry,company_url,company_logo,company_url_direct,company_addresses,company_num_employees,company_revenue,company_description,skills,experience_range,company_rating,company_reviews_count,vacancy_count,work_from_home_type
gd-1010033807568,glassdoor,https://www.glassdoor.co.in/job-listing/j?jl=1010033807568,,Hindi Teacher,NALANDA ACADEMY OF SCIENCE AND TECHNICAL EDUCATION,Vijayawāda,2026-02-15,,direct_data,monthly,20000.0,40000.0,INR,False,,,sponsored,,"**Job Card: Hindi Teacher \- CBSE School, K\-12**

**Job Title:** Hindi Teacher

**Location:** Nalanda Vidyaniketan, Vijayawada, Andhra Pradesh, India

**Job Type:** Full\-Time/Part\-Time

**About Our School:**  
Nalanda Vidyaniketan is a distinguished institution affiliated with the Central Board of Secondary Education (CBSE). We aim to foster educational excellence across all subjects, nurturing students from K\-12 to become future leaders.

**Job Description:**  
We seek a passionate Hindi Teacher to join our team, delivering engaging content in line with CBSE standards. You will play a pivotal role in cultivating students' understanding of Hindi language and literature, fostering a love for the subject, and preparing them for higher education and professional opportunities.

**Responsibilities:**

* **Curriculum Delivery:** Plan and implement Hindi lessons that encourage active learning and engagement.
* **Lesson Planning:** Develop structured lesson plans aligned with CBSE curriculum standards.
* **Student Assessment:** Evaluate students' progress, provide feedback, and maintain accurate academic records.
* **Classroom Discipline:** Enforce the school's policies and disciplinary systems, fostering a positive learning environment.
* **Parental Communication:** Maintain communication with students, colleagues, and parents regarding progress.
* **Professional Development:** Engage in opportunities for growth and collaborate with fellow teachers.

**Qualifications:**

* **Founder Level:** 1\-3 years of experience with a Postgraduate degree and B.Ed., responsible for delivering Hindi content across different grade levels.
* **Master Level:** 4\-8 years of experience in advanced studies with a Postgraduate degree and B.Ed., with a deep understanding of Hindi language and literature.
* **Developer Level:** 9\+ years of experience, a Postgraduate degree with B.Ed or M.Ed, with specialized skills in curriculum development and leadership in the Hindi department.

**Screening Process:**

* **Written Test:** A subject\-specific exam assessing proficiency in Hindi.
* **Proficiency Test:** Tests for proficiency in MS Office.
* **Reading Test:** Conducted through Microsoft Teams.
* **Teaching Demonstration:** Candidates demonstrate teaching skills through a mock class session.

**Benefits:**

* **Competitive Salary and Benefits:** Including healthcare, pension, and other perks.
* **Professional Development:** Opportunities for growth and leadership training.
* **Nurturing Environment:** A collaborative and innovative work atmosphere.

Job Type: Full\-time

Pay: ₹20,000\.00 \- ₹40,000\.00 per month

Ability to commute/relocate:

* Vijayawada, Andhra Pradesh: Reliably commute or willing to relocate with an employer\-provided relocation package (Preferred)

Education:

* Master's (Preferred)

Experience:

* Teaching: 4 years (Preferred)
* Making lesson plans: 4 years (Preferred)
* total work: 4 years (Preferred)

Language:

* English (Preferred)

Work Location: In person",,,,,,,,,,,,,,
gd-1010033811175,glassdoor,https://www.glassdoor.co.in/job-listing/j?jl=1010033811175,,Brand Growth & Creative Executive,Consult Cognia,Vijayawāda,2026-02-15,,direct_data,monthly,12000.0,18000.0,INR,False,,,sponsored,,"Job Title: Brand Growth \& Creative Executive

Location: Vijayawada

About Mairah:

Mairah is a fast\-growing fashion and accessories brand specializing in trendy jewellery, with future

expansion into lifestyle categories such as bags and clothing. We actively participate in retail store

sales and exhibitions across Andhra Pradesh and are building a strong brand presence both offline

and online.

Role Overview:

This is a Brand Growth role combining creativity, sales, analytics, influencer marketing, and

customer retention. The selected candidate will play a key role in expanding Mairah’s visibility,

increasing sales, and building customer loyalty.

Key Responsibilities:

* Create Instagram Reels, Stories, voice\-over videos and engaging content.
* Conduct product photography and assist in visual presentation.
* Support in\-store and expo sales and represent the brand professionally.
* Track best\-selling products and analyze customer buying patterns.
* Identify and manage influencer collaborations (Vijayawada \& across Andhra Pradesh).
* Develop customer retention strategies and maintain repeat engagement.
* Suggest creative ideas for campaigns, launches and brand expansion.

Qualifications:

Any educational qualification is acceptable — we value honesty, dedication, and work ethic over

degrees. Must possess excellent verbal and written communication skills.

Required Skills:

* Confident on camera and comfortable with voice\-overs.
* Basic photography and video editing skills.
* Creative thinking and trend awareness.
* Understanding of Instagram analytics.
* Sales\-oriented and disciplined.

Job Type: Full\-time

Pay: ₹12,000\.00 \- ₹18,000\.00 per month

Work Location: In person",,https://www.glassdoor.co.in/Overview/W-EI_IE3133497.htm,https://media.glassdoor.com/sql/3133497/cognia-ga-squarelogo-1630054924433.png,,,,,,,,,,,
gd-1010033803618,glassdoor,https://www.glassdoor.co.in/job-listing/j?jl=1010033803618,,Digital Marketing & SEO Specialist,BIM Era Private Limited,,2026-02-15,,direct_data,monthly,20000.0,25000.0,INR,True,,,sponsored,,"**Job Title: Digital Marketing \& SEO Specialist**

**Company:** BIM Era Pvt Ltd  
**Location:** Diamond Park, Visakhapatnam  
**Experience:** 2–3 Years  
**Salary:** ₹20,000 – ₹25,000/month

**Job Summary**

We are looking for a results\-driven **Digital Marketing \& SEO Specialist** who can plan, execute, and optimize online marketing strategies to increase brand visibility, generate leads, and improve website rankings.

**Key Responsibilities**

* Plan and execute **SEO strategies** (On\-Page, Off\-Page, Technical SEO)
* Perform **keyword research**, competitor analysis, and ranking tracking
* Manage and optimize **Google Ads / Paid Campaigns**
* Handle **social media marketing** (posting, boosting, analytics, engagement)
* Create and optimize content for blogs, landing pages, and campaigns
* Monitor website performance using analytics tools
* Generate leads through digital campaigns and marketing funnels
* Prepare weekly and monthly performance reports
* Improve conversion rates through data\-driven optimization

**Required Skills**

* Strong knowledge of **SEO tools** (Google Search Console, Analytics, SEMrush, Ahrefs, etc.)
* Experience in **social media ads \& boosting campaigns**
* Understanding of **lead generation strategies**
* Basic knowledge of **content marketing \& copywriting**
* Good analytical and reporting skills
* Ability to work independently and meet targets

**Preferred Qualifications**

* Bachelor’s degree in Marketing, Business, or related field
* Certifications in Digital Marketing / SEO (added advantage)

**Ideal Candidate Profile**

* Creative thinker with strategic mindset
* Target\-oriented and performance\-focused
* Updated with latest digital marketing trends
* Strong communication skills

Job Type: Full\-time

Pay: ₹20,000\.00 \- ₹25,000\.00 per month

Application Question(s):

* Which tools have you used?

Education:

* Bachelor's (Required)

Experience:

* in Digital Marketing and SEO: 1 year (Required)
* do you have in Digital Marketing: 2 years (Preferred)

Work Location: In person",,,,,,,,,,,,,,
gd-1010033713843,glassdoor,https://www.glassdoor.co.in/job-listing/j?jl=1010033713843,,Sales Representative,Pratidin,Guntūr,2026-02-15,,direct_data,monthly,20000.0,30000.0,INR,False,,,organic,,,,,,,,,,,,,,,,
gd-1010033036312,glassdoor,https://www.glassdoor.co.in/job-listing/j?jl=1010033036312,,Operations Executive,CINEPOLIS INDIA PVT.LTD,Vijayawāda,2026-02-14,,direct_data,monthly,12500.0,13500.0,INR,False,,,organic,,,,,,,,,,,,,,,,
gd-1010031601733,glassdoor,https://www.glassdoor.co.in/job-listing/j?jl=1010031601733,,Visual Communication Lecturer,Nalanda Degree College,Vijayawāda,2026-02-13,,direct_data,monthly,20000.0,30000.0,INR,False,,,sponsored,,"**Job Title:** Visual Communication Lecturer  
**Location:** Nalanda Degree College, Vijayawada, Andhra Pradesh, India  
**Job Type:** Full\-Time  
**Salary:** ₹20,000 – ₹30,000 per month (based on experience and qualifications)  
**Reports to:** Principal

**Job Summary:**

Nalanda Degree College is seeking a passionate and creative **Visual Communication Lecturer** to join our faculty. The ideal candidate will have strong expertise in visual media, communication design, and related creative tools. You will be responsible for delivering lectures, guiding student projects, and preparing learners for careers in media, advertising, design, and communication industries.

**Key Responsibilities:**

* Plan, prepare, and deliver high\-quality lectures in Visual Communication.
* Teach subjects such as Graphic Design, Photography, Film Studies, Typography, Multimedia, Advertising, and Digital Media.
* Guide students in creative projects, portfolios, and practical assignments.
* Design and assess assignments, exams, and practical evaluations.
* Stay updated with current trends in visual communication, media, and design technologies.
* Encourage student participation in creative competitions, exhibitions, and presentations.
* Maintain academic records, attendance, and student progress reports.
* Collaborate with other faculty on curriculum development and interdepartmental projects.

**Qualifications \& Skills Required:**

* Bachelor’s or Master’s Degree in Visual Communication / Mass Communication / Fine Arts / Design or related field.
* Prior teaching experience is preferred (Freshers with strong portfolios may also apply).
* Proficiency in Adobe Creative Suite (Photoshop, Illustrator, Premiere Pro, InDesign, etc.).
* Excellent verbal and written communication skills.
* Passion for teaching and mentoring young creative minds.
* Ability to manage classroom activities and maintain discipline.

**Work Experience:**

* Minimum 1–3 years of experience in teaching or media/design industry (preferred).
* Freshers with outstanding portfolios may be considered.

**How to Apply:**  
Interested candidates can apply through Indeed or send their CV and portfolio to https://**nvn.zohorecruit.in/jobs/Careers** with the subject line **“Application for Visual Communication Lecturer – Nalanda Degree College.”**

Job Type: Full\-time

Pay: ₹20,000\.00 \- ₹30,000\.00 per month

Work Location: In person",,,,,,,,,,,,,,
gd-1010031663429,glassdoor,https://www.glassdoor.co.in/job-listing/j?jl=1010031663429,,Relationship Officer,Aditya Birla Capital,Chīrāla,2026-02-13,,,,,,,False,,,organic,,"Retail \- Secured
**Relationship Officer**
========================


Location: S\-PKS, Chirala

**Job Description**
-------------------


Relationship Officer


Minimum Experience Level
0 \- 4 years


Job Qualifications",,https://www.glassdoor.co.in/Overview/W-EI_IE513778.htm,https://media.glassdoor.com/sql/513778/aditya-birla-group-squarelogo-1562299743743.png,,,,,,,,,,,
gd-1010031839482,glassdoor,https://www.glassdoor.co.in/job-listing/j?jl=1010031839482,,Asst. Store Incharge,VM FOODS,India,2026-02-13,,,,,,,False,,,organic,,,,,,,,,,,,,,,,
gd-1010031439826,glassdoor,https://www.glassdoor.co.in/job-listing/j?jl=1010031439826,,Back Office Executive,Ivy Overseas,Guntūr,2026-02-13,,direct_data,monthly,15000.0,20000.0,INR,False,,,organic,,,,https://www.glassdoor.co.in/Overview/W-EI_IE8814333.htm,,,,,,,,,,,,
gd-1010031436805,glassdoor,https://www.glassdoor.co.in/job-listing/j?jl=1010031436805,,Sales Assistant,OSWAL PUMPS LTD,Guntūr,2026-02-13,,direct_data,monthly,25000.0,25000.0,INR,False,,,organic,,,,https://www.glassdoor.co.in/Overview/W-EI_IE4539600.htm,https://media.glassdoor.com/sql/4539600/oswal-pumps-squarelogo-1625732453179.png,,,,,,,,,,,
gd-1010029201472,glassdoor,https://www.glassdoor.co.in/job-listing/j?jl=1010029201472,,Quality Engineer,Bobsev Pvt Ltd,,2026-02-11,,direct_data,monthly,15000.0,30000.0,INR,True,,,sponsored,,"**SMT Line QC Inspector**

We are looking for a detail\-oriented **SMT Line Quality Control (QC) Inspector** to monitor and ensure the quality of PCB assemblies on the SMT production line. The candidate will be responsible for in\-process inspection, identifying defects, and ensuring compliance with quality standards to meet production and customer requirements.

Key Responsibilities

* In\-process inspection of SMT line (pre\-reflow \& post\-reflow)
* Visual inspection of PCBs as per IPC standards
* Identify, record, and report defects (soldering, component placement, polarity, etc.)
* Coordinate with production and engineering teams for corrective actions
* Ensure adherence to quality procedures and documentation

Basic Requirements

* Experience in SMT line QC / PCB assembly inspection
* Knowledge of SMT components, soldering defects, and IPC standards
* Ability to work on the production floor and shifts if required
* Basic documentation and reporting skills

Job Type: Full\-time

Pay: ₹15,000\.00 \- ₹30,000\.00 per month

Benefits:

* Health insurance
* Leave encashment
* Paid sick time
* Paid time off
* Provident Fund

Work Location: In person",,,,,,,,,,,,,,
gd-1010029363818,glassdoor,https://www.glassdoor.co.in/job-listing/j?jl=1010029363818,,Barcoder,CB AGROS & SHOPPING MALLS PVT LTD,Vijayawāda,2026-02-11,,direct_data,monthly,13000.0,13000.0,INR,False,,,organic,,,,,,,,,,,,,,,,
gd-1010027778771,glassdoor,https://www.glassdoor.co.in/job-listing/j?jl=1010027778771,,Graphic Designer & Video Editor,VASAVI SILKS PRIVATE LIMITED,Elūru,2026-02-10,,direct_data,monthly,10160.0,40000.0,INR,False,,,sponsored,,"Key Responsibilities

* Edit **Instagram Reels, YouTube Shorts, Facebook videos**, and promotional clips
* Convert raw store footage, reels, and photos into **high\-engagement videos**
* Add **music, text overlays, transitions, subtitles, effects** aligned with brand style
* Ensure videos match **festival campaigns, offers, launches, and clearance sales**
* Optimize videos for different platforms (Reels, Stories, Ads)
* Maintain **fast turnaround time** for daily / weekly content
* Work closely with marketing \& graphic design team

Skills Required

* Strong knowledge of **Premiere Pro / Final Cut Pro / DaVinci Resolve**
* Basic motion graphics knowledge (After Effects preferred)
* Understanding of **Instagram trends, hooks, and storytelling**
* Color correction \& audio sync basics
* Ability to follow brand guidelines

Preferred

* Experience in **fashion / saree / ethnic wear brands**
* Knowledge of trending reel formats \& viral content
* Telugu / regional content editing experience (added advantageCreative mindset with **business \& sales orientation**
* Ability to work in a **fast\-paced retail environment**
* Willingness to adapt to **festive calendars \& campaign schedules**
* Team player with good communication skills.

Job Type: Full\-time

Pay: ₹10,160\.11 \- ₹40,000\.00 per month

Benefits:

* Health insurance

Work Location: In person",,,,,,,,,,,,,,
gd-1010027736282,glassdoor,https://www.glassdoor.co.in/job-listing/j?jl=1010027736282,,Warehouse Operations Trainer,Millennium Software Solutions Pvt.Ltd,Guntūr,2026-02-10,,direct_data,monthly,12553.0,25453.0,INR,False,,,organic,,,,,,,,,,,,,,,,
gd-1010025561774,glassdoor,https://www.glassdoor.co.in/job-listing/j?jl=1010025561774,,Admission Manager,School Serv India Pvt. Ltd.,Vijayawāda,2026-02-07,,direct_data,monthly,60000.0,70000.0,INR,False,,,organic,,,,,,,,,,,,,,,,
gd-1010024064962,glassdoor,https://www.glassdoor.co.in/job-listing/j?jl=1010024064962,,PRT / TGT Mathematics Teacher,Trinity group of schools,Guntūr,2026-02-06,,direct_data,monthly,30005.0,70940.0,INR,False,,,sponsored,jobs.trinityschools@gmail.com,"**Trinity Group of Schools**

**Karimnagar \& Peddapalli, Telangana**

**Job Description:**Trinity Group of Schools is inviting applications from qualified and passionate Mathematics Teachers for PRT (Primary) and TGT (Upper Primary \& Secondary) levels for our campuses in Karimnagar and Peddapalli.

We are looking for educators who can make Mathematics conceptual, engaging, and enjoyable, while nurturing students’ logical thinking and problem\-solving skills.

**Key Responsibilities:**

Teach Mathematics effectively as per school curriculum

Plan and deliver engaging, student\-centric lessons

Assess students’ progress and provide constructive feedback

Maintain discipline and a positive classroom environment

Participate in academic planning, assessments, and school activities

Collaborate with colleagues and academic coordinators

**Eligibility Criteria:**

PRT:

Graduation with B.Ed / D.El.Ed

TGT:

Graduation/Post\-Graduation in Mathematics with B.Ed

Minimum 3 years of teaching experience preferred

Strong subject knowledge and communication skills

Freshers with excellent subject clarity may also apply

Skills Required:

Concept\-based teaching approach

Classroom management skills

Student\-friendly and professional attitude

Willingness to learn and grow with the institution

**How to Apply:**

**Interested candidates may apply through Indeed or send their updated resume mentioning “PRT Maths” or “TGT Maths” in the subject line to jobs.trinityschools@gmail.com**

Job Type: Full\-time

Pay: ₹30,004\.99 \- ₹70,940\.13 per month

Work Location: In person",,,,,,,,,,,,,,
gd-1010024184389,glassdoor,https://www.glassdoor.co.in/job-listing/j?jl=1010024184389,,Store Manager,Hidesign India Private Limited,Vijayawāda,2026-02-06,,direct_data,monthly,25000.0,32000.0,INR,False,,,organic,"mercy@hidesign.com, Imran@hidesign.com","Role: Store Manager

Store Manager Experience: Minimum 1\+ years of experience  
Location: PVP Mall Vijayawada  
Education : Any degree

What You’ll Do:

· Lead and manage store operations

· Boost sales \& deliver an exceptional customer experience

· Maintain stunning visual merchandising

· Train, motivate \& manage a dynamic team

· Plan stock, conduct audits \& prepare reports

What We’re Looking For:

· Strong communication skills

· Leadership \& team management skills

· Passion for fashion \& retail

· Organizational \& analytical abilities

Share your CV and Photo:  
mercy@hidesign.com – HR  
Imran@hidesign.com – Regional Head

Job Types: Full\-time, Permanent

Pay: ₹25,000\.00 \- ₹32,000\.00 per month

Benefits:

* Health insurance
* Provident Fund

Work Location: In person",,https://www.glassdoor.co.in/Overview/W-EI_IE509585.htm,https://media.glassdoor.com/sql/509585/hidesign-squarelogo-1399698423044.png,,,,,,,,,,,
gd-1010024194558,glassdoor,https://www.glassdoor.co.in/job-listing/j?jl=1010024194558,,CRM,Health Assist Insurance TPA Pvt. Ltd,India,2026-02-06,,direct_data,monthly,25000.0,30000.0,INR,False,,,organic,,,,https://www.glassdoor.co.in/Overview/W-EI_IE4121707.htm,https://media.glassdoor.com/sql/4121707/safeway-insurance-tpa-squarelogo-1661253667557.png,,,,,,,,,,,
gd-1010024218952,glassdoor,https://www.glassdoor.co.in/job-listing/j?jl=1010024218952,,production shift incharge,VC NUTRI FOODS PRIVATE LIMITED,Nūzvīd,2026-02-06,,direct_data,monthly,14452.0,28000.0,INR,False,,,organic,,,,https://www.glassdoor.co.in/Overview/W-EI_IE7229777.htm,https://media.glassdoor.com/sql/7229777/vc-nutri-foods-squarelogo-1656683256807.png,,,,,,,,,,,
gd-1010022804613,glassdoor,https://www.glassdoor.co.in/job-listing/j?jl=1010022804613,,Collection Officer,Aditya Birla Capital,Vijayawāda,2026-02-05,,direct_data,yearly,432000.0,507915.0,INR,False,,,organic,,,,https://www.glassdoor.co.in/Overview/W-EI_IE513778.htm,https://media.glassdoor.com/sql/513778/aditya-birla-group-squarelogo-1562299743743.png,,,,,,,,,,,
gd-1010019659121,glassdoor,https://www.glassdoor.co.in/job-listing/j?jl=1010019659121,,MYP DP Economics and Business Management Teacher,Bloomingdale International School,Vijayawāda,2026-02-03,,direct_data,monthly,70000.0,100000.0,INR,False,,,sponsored,,"**Job Title:** MYP DP Economics and Business Management Teacher

**Location:** Vijayawada, Andhra Pradesh, India

**Experience Required:** Minimum 5 years

**Job Description:**  
Bloomingdale International School in Vijayawada is seeking an experienced and dedicated MYP/DP Economics and Business Management Teacher to join our dynamic faculty. The ideal candidate will have a minimum of 5 years of teaching experience and a strong background in teaching Economics and Business Management within the International Baccalaureate (IB) Middle Years Programme (MYP) and Diploma Programme (DP).

**Responsibilities:**

* Plan, prepare, and deliver high\-quality Economics and Business Management lessons that align with the IB MYP and DP frameworks.
* Foster a stimulating and inclusive classroom environment that encourages critical thinking and student engagement.
* Assess and monitor student progress, providing regular feedback and support to ensure academic success.
* Collaborate with colleagues to develop and implement interdisciplinary units and assessments.
* Communicate effectively with students, parents, and colleagues regarding student performance and development.
* Participate in professional development opportunities to remain current with IB curriculum standards and best practices.
* Contribute to the overall development and improvement of the school’s Economics and Business Management curriculum.

**Qualifications:**

* Minimum of 5 years of experience teaching Economics and Business Management in the IB MYP and/or DP.
* Strong understanding of the IB framework and its implementation in the classroom.
* Excellent organizational, communication, and interpersonal skills.
* Ability to work collaboratively with colleagues, students, and parents.
* Commitment to fostering a nurturing and supportive learning environment.

**Additional Skills:**

* Proven ability to inspire and motivate students to excel in Economics and Business Management.
* Experience with innovative teaching methods and curriculum development.
* Strong problem\-solving skills and the ability to adapt to various teaching scenarios.
* Proficiency in using educational technology and digital tools to enhance learning.
* Commitment to continuous professional development and staying updated with educational trends and best practices.
* Experience working in a multicultural and diverse educational setting.
* Ability to manage multiple tasks and priorities effectively in a dynamic environment.

**Benefits:**

* Competitive salary ranging from ₹70,000 to ₹1,00,000 per month.
* Professional development opportunities.
* A supportive and collaborative work environment.

Job Type: Full\-time

Ability to commute/relocate:

* Vijayawada, Andhra Pradesh: Reliably commute or willing to relocate with an employer\-provided relocation package (Preferred)

Education:

* Master's (Preferred)

Experience:

* total work: 4 years (Preferred)
* Teaching: 3 years (Preferred)

Work Location: In person",,https://www.glassdoor.co.in/Overview/W-EI_IE3321727.htm,https://media.glassdoor.com/sql/3321727/bloomingdale-international-school-squarelogo-1629391462717.png,,,,,,,,,,,
gd-1010019664638,glassdoor,https://www.glassdoor.co.in/job-listing/j?jl=1010019664638,,Early Years Teacher,Bloomingdale International School,Vijayawāda,2026-02-03,,direct_data,monthly,35000.0,35000.0,INR,False,,,sponsored,,"**Early Years Teacher – IB PYP \| Bloomingdale International School, Vijayawada**

**Location:** Vijayawada, Andhra Pradesh, India  
**Employment Type:** Full\-time  
**Salary:** Based on experience and institutional standards.  
**School Type:** IB Continuum School (PYP \| MYP \| DP)

**About Us**

Bloomingdale International School is an authorized IB World School committed to developing global citizens through inquiry, innovation, and international\-mindedness. Our Early Years Programme fosters creativity, independence, and a deep love for learning in a nurturing and stimulating environment.  
We are looking for passionate early childhood educators who aspire to make a lasting impact on young learners' lives.

Role Overview

We invite applications for the role of Early Years Teacher to join our dynamic and collaborative team. The ideal candidate will demonstrate a strong foundation in early childhood education, a clear understanding of the IB PYP framework, and a genuine passion for working with young children.

**Key Responsibilities**

* Design and deliver inquiry\-based, play\-centered learning experiences aligned with IB Primary Years Programme (PYP) standards.
* Establish and maintain a nurturing, inclusive, and safe classroom environment that promotes creativity, exploration, and positive social development.
* Integrate Jolly Phonics effectively into early literacy instruction to enhance language development.
* Plan and facilitate age\-appropriate activities supporting students’ cognitive, emotional, social, and physical growth.
* Collaborate with colleagues on interdisciplinary units and contribute to school\-wide learning initiatives.
* Foster strong relationships with parents through regular communication, progress updates, and participation in parent engagement activities.
* Document student learning, conduct assessments, and maintain accurate academic records as per school policies.
* Actively participate in school events, workshops, IB PYP professional development programs, and collaborative planning meetings.
* Support the mission and core values of Bloomingdale International School through commitment to high professional standards and continuous improvement.

**Qualifications and Skills**

* Bachelor’s degree in Early Childhood Education, Primary Education, or a related field (Master’s degree preferred).
* Minimum 2–3 years of teaching experience in Early Years within an IB PYP or Cambridge curriculum school setting.
* Strong working knowledge of Jolly Phonics methodology and its practical application in early years literacy instruction.
* Excellent verbal and written communication skills in English.
* Ability to create a stimulating learning environment that meets the diverse needs of students.
* Positive, professional demeanor with excellent organizational, time\-management, and collaboration skills.
* Certification in IB PYP workshops is highly desirable.
* Commitment to professional growth, reflective practice, and a child\-centered educational philosophy.

**Why Join Bloomingdale International School?**

* Opportunity to work in an IB Continuum School with a progressive, global curriculum.
* Professional development and IB\-recognized training programs.
* Supportive and collaborative work environment.
* State\-of\-the\-art campus and resources to enhance learning experiences.
* Opportunity to make a meaningful contribution to the holistic development of young learners.

**Apply now to become part of an inspiring educational journey at Bloomingdale International School.**

**Visit our website:** https://bloomingdale.edu.in

Job Type: Full\-time

Pay: From ₹35,000\.00 per month

Benefits:

* Paid sick time

Work Location: In person",,https://www.glassdoor.co.in/Overview/W-EI_IE3321727.htm,https://media.glassdoor.com/sql/3321727/bloomingdale-international-school-squarelogo-1629391462717.png,,,,,,,,,,,
gd-1010019666738,glassdoor,https://www.glassdoor.co.in/job-listing/j?jl=1010019666738,,Artificial Intelligence (AI) Teacher,Nalanda Vidyaniketan,Vijayawāda,2026-02-03,,direct_data,monthly,25000.0,25000.0,INR,False,,,sponsored,,"**Job Title: Artificial Intelligence (AI) Teacher**

**Location:** Nalanda Vidyaniketan, Vijayawada, Andhra Pradesh

**Job Type:** Full\-Time \| On\-Campus

**About the Institution**

Nalanda Vidyaniketan is a premier CBSE institution committed to shaping future\-ready learners. As we embrace NEP 2020 and 21st\-century skill integration, Artificial Intelligence has become a key subject in preparing students for a rapidly evolving digital world.

**Role Overview**

We are seeking a passionate and experienced **AI Teacher** to lead Artificial Intelligence as an elective or core subject for students in secondary and senior secondary grades (Classes 9–12\). The ideal candidate should possess strong technical knowledge, teaching experience, and the ability to make AI concepts engaging and accessible for school students.

**Key Responsibilities**

* **Curriculum Delivery:** Teach the CBSE\-prescribed AI syllabus (Class 9–12\), including foundational concepts in Machine Learning, Data Science, Natural Language Processing, and Neural Networks.
* **Practical Integration:** Conduct hands\-on sessions using Python, AI project kits, Jupyter Notebooks, and AI tools.
* **Project\-Based Learning:** Guide students in capstone projects, AI\-based innovations, and real\-world applications aligned with CBSE guidelines.
* **Assessment:** Evaluate learning outcomes through quizzes, assignments, and practical demonstrations.
* **Technology Integration:** Use AI platforms such as Google Teachable Machine, MIT Scratch (AI modules), and other visual tools for beginner\-friendly experiences.
* **Mentorship:** Inspire students to pursue AI\-related careers and support participation in hackathons, coding competitions, and innovation fairs.
* **Professional Development:** Continuously update skills in emerging AI technologies and tools.
* **Collaboration:** Work with Computer Science and Math departments to design interdisciplinary modules.

**Eligibility CriteriaEducation**

* Bachelor’s or Master’s degree in Computer Science, Artificial Intelligence, Data Science, or a related field

**Experience**

* Minimum 2 years of teaching experience in AI, Computer Science, or related technologies
* Prior experience with CBSE/ICSE/IGCSE curriculum preferred

**Technical Skills**

* Programming Languages: Python (mandatory), familiarity with JavaScript or R is a plus
* Tools: Jupyter Notebook, Google Colab, AI simulators, Teachable Machine, etc.
* Concepts: Machine Learning, Data Visualization, Deep Learning (basic level), Chatbots, AI Ethics

**Selection Process**

* **Written Test:** Evaluate AI fundamentals and Python programming
* **Practical Round:** Hands\-on AI model demo or lesson using student\-friendly tools
* **Demo Class:** Pedagogical approach to explain AI to school students
* **Interview:** Curriculum alignment, communication, and innovation mindset

**Salary**

* Salary: Based on experience and institutional standards.

**Other Details**

* **Schedule:** Day shift
* **Location:** In\-person role at Vijayawada campus
* **Relocation:** Candidates willing to relocate will be given preference
* **Language:** Excellent English communication required

Job Type: Full\-time

Pay: From ₹25,000\.00 per month

Schedule:

* Day shift

Language:

* English (Preferred)

Work Location: In person",,https://www.glassdoor.co.in/Overview/W-EI_IE10125288.htm,,,,,,,,,,,,
gd-1010019661619,glassdoor,https://www.glassdoor.co.in/job-listing/j?jl=1010019661619,,Biology Teacher,Nalanda Vidyaniketan,India,2026-02-03,,direct_data,monthly,25000.0,60000.0,INR,False,,,sponsored,,"**Biology Teacher – CBSE (\+1 \& \+2\)**

**Location:** Nalanda Vidyaniketan, Vijayawada, Andhra Pradesh  
**Employment Type:** Full\-Time / Part\-Time  
**Salary Range:** ₹30,000 – ₹60,000 per month (based on experience)  
**Website:** https://nvn.edu.in  
**Affiliation:** Central Board of Secondary Education (CBSE)  
**Relocation:** Candidates from other cities or states who are willing to relocate to Vijayawada are encouraged to apply. We welcome passionate educators from across India.

**About Us**

Nalanda Vidyaniketan is a renowned K\-12 institution committed to academic excellence and holistic development. We empower students to become responsible global citizens through high\-quality education and value\-based learning.  
**Learn more at:** https://nvn.edu.in

**Job Summary**

We are seeking an experienced and passionate Biology Teacher to teach Classes 11 and 12 (CBSE curriculum). The ideal candidate will have strong subject expertise, a deep understanding of NEET\-oriented concepts, and the ability to engage students through practical, inquiry\-based learning.

**Key Responsibilities**

* Curriculum Delivery: Teach Biology for Grades 11 \& 12 in line with CBSE curriculum and NEET standards.
* Lesson Planning: Design well\-structured lessons with a balance of theory, diagrams, experiments, and application.
* Student Assessment: Prepare question papers, evaluate tests, and monitor academic progress.
* Lab Management: Guide students in practical's and ensure effective use of lab resources.
* Parent Communication: Share academic updates and collaborate on student development.
* Professional Development: Attend faculty workshops and contribute to the Biology department’s academic growth.

**Qualification Requirements**

* Postgraduate degree (M.Sc.) in Biology / Zoology / Botany / Life Sciences
* Graduates/Postgraduates with a strong academic background in Biology and subject\-specific teaching experience in CBSE \+1 \& \+2
* Strong command over English communication (spoken and written)
* Familiarity with digital teaching tools, PowerPoint, and online platforms is essential

**Qualification Levels**

* **Founder Level:** 1–3 years of experience teaching CBSE Biology (Senior Secondary). Focused on core delivery and student engagement.
* **Master Level:** 4–8 years of experience with senior\-level teaching. Involved in guiding students for board and competitive exams.
* **Developer Level:** 9\+ years of experience. Leads curriculum strategy, mentors junior faculty, and integrates NEET prep with academic planning.

**Screening Process**

* Subject\-Wise Written Test – To assess depth of Biology concepts and CBSE syllabus understanding.
* Proficiency Test – Evaluation of digital and MS Office skills.
* Reading Test – Conducted live via MS Teams to assess clarity and fluency.
* Teaching Demo – Mock class session to evaluate teaching depth, presentation, and clarity.

**Why Join Us?**

* **Premium Salary:** ₹30,000 – ₹60,000 per month based on experience
* **Academic Excellence:** Opportunity to work with senior secondary students preparing for CBSE \& NEET
* **Strong Faculty Network:** Collaborate with an experienced and driven team of educators
* **Modern Infrastructure:** Access to fully equipped labs and smart classrooms

Job Type: Full\-time

Pay: ₹25,000\.00 \- ₹60,000\.00 per month

Language:

* English (Preferred)

Work Location: In person",,https://www.glassdoor.co.in/Overview/W-EI_IE10125288.htm,,,,,,,,,,,,
gd-1010019675888,glassdoor,https://www.glassdoor.co.in/job-listing/j?jl=1010019675888,,PGT – Arts & Commerce (CBSE)/Senior Secondary Teacher – Arts / Commerce,Nalanda Vidyaniketan,Vijayawāda,2026-02-03,,direct_data,monthly,20000.0,35000.0,INR,False,,,sponsored,,"About Us

Nalanda Vidyaniketan is a renowned K\-12 institution committed to academic excellence and holistic development. We empower students to become responsible global citizens through high\-quality education and value\-based learning. Learn more at: https://nvn.edu.in

Job Summary

We are looking for an enthusiastic and experienced Arts \& Commerce Teacher who is responsible for delivering high\-quality instruction to senior secondary students (Grades XI \& XII) who can deliver the CBSE curriculum effectively while creating an engaging and inclusive classroom environment. The ideal candidate should be passionate about the Arts \& Commerce, proficient in instructional design, and committed to fostering student learning and development.

Key Responsibilities

* Curriculum Delivery: Teach Arts \& Commerce into assigned grade levels in alignment with CBSE guidelines.
* Lesson Planning: Prepare detailed lesson plans with engaging activities and assessments.
* Student Assessment: Conduct periodic tests and maintain academic records.
* Classroom Management: Maintain a disciplined and interactive learning space.
* Parent Communication: Share academic progress and collaborate with parents.
* Professional Development: Participate in regular training, workshops, and peer review sessions.

Qualification Requirements

* Must have good command of spoken and written in English and MS Office tools
* Postgraduate degree in relevant subject (Arts / Commerce).
* **B.Ed.** is mandatory.
* Minimum **2–5 years** of teaching experience as a Art \& Commerce
* Experience in CBSE/ISC board schools is an added advantage.
* Strong subject knowledge and presentation skills.
* Excellent communication and classroom management skills.
* Student\-centric and result\-oriented approach.
* Ability to work collaboratively with academic teams.
* Proficiency in digital tools and smart classroom teaching.

Screening Process

* Subject\-Wise Written Test – To evaluate command over, Arts \& Commerce pedagogy.
* Proficiency Test – Assessing skills in MS Office and digital classroom tools.
* Reading Test – Online evaluation of fluency, clarity, and pronunciation via MS Teams.
* Teaching Demo – Sample class to assess delivery, interaction, and clarity.

Why Join Us?

* **Competitive Salary:** ₹20,000 – ₹35,000 per month based on experience
* **Professional Development:** Continuous learning through workshops \& training
* **Supportive Culture:** A collaborative environment with opportunities for growth
* **Location Advantage:** Work in a top\-rated CBSE school in the heart of Vijayawada

Job Type: Full\-time

Ability to commute/relocate:

* Vijayawada, Andhra Pradesh: Reliably commute or willing to relocate with an employer\-provided relocation package (Required)

Education:

* Master's (Required)

Language:

* English (Required)

Job Type: Permanent

Pay: ₹20,000\.00 \- ₹35,000\.00 per month

Ability to commute/relocate:

* Vijayawada, Andhra Pradesh: Reliably commute or planning to relocate before starting work (Required)

Experience:

* art and commerce teaching: 3 years (Required)
* Teaching 11\& 12 Grades: 3 years (Required)

Work Location: In person",,https://www.glassdoor.co.in/Overview/W-EI_IE10125288.htm,,,,,,,,,,,,
gd-1010019666315,glassdoor,https://www.glassdoor.co.in/job-listing/j?jl=1010019666315,,Primary Mathematics Teacher,Nalanda Vidyaniketan,Vijayawāda,2026-02-03,,direct_data,yearly,210000.0,518750.0,INR,False,,,sponsored,,"**Job Title:** Mathematics Head of Department (HOD)

**Location:** Nalanda Vidyaniketan, Vijayawada, Andhra Pradesh, India

**Job Type:** Full\-Time

**About Our School:**

Nalanda Vidyaniketan is a distinguished institution affiliated with the Central Board of Secondary Education (CBSE). We are committed to academic excellence, fostering intellectual growth, and nurturing students from K\-12 to become future leaders.

**Job Description:**

We are looking for an experienced and dedicated **Mathematics Head of Department (HOD)** to lead the Mathematics faculty, ensuring high standards of teaching and learning in alignment with CBSE guidelines. The ideal candidate will drive curriculum development, mentor teachers, and implement effective instructional strategies to enhance student learning outcomes.

**Responsibilities:**

* **Academic Leadership:** Provide strategic direction and leadership for the Mathematics department to uphold high academic standards.
* **Curriculum Development:** Design and implement engaging lesson plans that align with CBSE guidelines and encourage analytical thinking.
* **Faculty Mentorship:** Train and guide Mathematics teachers in instructional methodologies, assessment techniques, and classroom management.
* **Student Performance Monitoring:** Assess student progress, identify learning gaps, and implement targeted interventions.
* **Professional Development:** Organize workshops and training sessions for Mathematics faculty to keep them updated with the latest teaching methodologies.
* **Lesson Planning \& Delivery:** Oversee lesson planning, instructional techniques, and evaluation strategies to ensure a high\-quality learning experience.
* **Collaboration:** Work closely with other department heads, school leadership, and parents to foster a strong academic culture.
* **Extracurricular Activities:** Encourage participation in Math Olympiads, competitions, and enrichment programs.
* **Classroom Discipline \& Policies:** Enforce school policies and ensure a disciplined learning environment.

**Qualifications:**

* **Master Level:** 10\+ years of teaching experience with a **Postgraduate degree in Mathematics** and **B.Ed.**, demonstrating expertise in curriculum planning and instructional leadership.
* **Developer Level:** 9\+ years of experience with a **Postgraduate degree in Mathematics** and **B.Ed. or M.Ed.,** specializing in Mathematics curriculum development, faculty training, and academic leadership.

**Screening Process:**

* **Written Test:** A subject\-specific exam to assess proficiency in Mathematics.
* **Proficiency Test:** Evaluation of MS Office skills for academic planning and documentation.
* **Reading Test:** Conducted through Microsoft Teams.
* **Leadership \& Teaching Demonstration:** Candidates will showcase leadership and teaching techniques through a mock classroom session.

**Salary:** Based on experience and institutional standards.  
**Job Type:** Full\-time  
**Schedule:**

* Day shift

**Ability to Commute/Relocate:**

* Vijayawada, Andhra Pradesh: Reliably commute or willing to relocate with an employer\-provided relocation package (Preferred)

**Education:**

* Master’s in Mathematics (Preferred)

**Experience:**

* Teaching: 10 years (Preferred)
* Curriculum Development: 5 years (Preferred)
* Academic Leadership: 5 years (Preferred)

**Language:**

* English \& Hindi (Preferred)

**Work Location:**

* In person

\#MathsHOD \#HeadOfDepartment \#MathematicsTeacher \#MathsFaculty \#HODMathematics \#AcademicLeadership \#TeachingJobs \#FacultyRecruitment \#EducationJobs \#SchoolLeadership \#MathsLecturer \#MathsEducator \#HODVacancy  
\#AcademicJobs \#TeachingCareer

Job Type: Full\-time

Work Location: In person",,https://www.glassdoor.co.in/Overview/W-EI_IE10125288.htm,,,,,,,,,,,,
gd-1010019664395,glassdoor,https://www.glassdoor.co.in/job-listing/j?jl=1010019664395,,English Teacher,Nalanda Vidyaniketan,Vijayawāda,2026-02-03,,direct_data,monthly,20000.0,40000.0,INR,False,,,sponsored,,"**Job Card: English Teacher \- CBSE School, K\-12**

**Job Title:** English Teacher

**Location:** Nalanda Vidyaniketan, Vijayawada, Andhra Pradesh, India

**Job Type:** Full\-Time/Part\-Time

**About Our School:**  
Nalanda Vidyaniketan is a distinguished institution affiliated with the Central Board of Secondary Education (CBSE). We aim to foster educational excellence across all subjects, nurturing students from K\-12 to become future leaders.

**Job Description:**  
We seek a passionate English Teacher to join our team, delivering engaging content in line with CBSE standards. You will play a pivotal role in cultivating students' language skills, fostering critical thinking, and preparing them for higher education and professional opportunities.

**Responsibilities:**

* **Curriculum Delivery:** Plan and implement English lessons that encourage active learning and engagement.
* **Lesson Planning:** Develop structured lesson plans aligned with CBSE curriculum standards.
* **Student Assessment:** Evaluate students' progress, provide feedback, and maintain accurate academic records.
* **Classroom Discipline:** Enforce the school's policies and disciplinary systems, fostering a positive learning environment.
* **Parental Communication:** Maintain communication with students, colleagues, and parents regarding progress.
* **Professional Development:** Engage in opportunities for growth and collaborate with fellow teachers.

**Qualifications:**

* **Founder Level:** 1\-3 years of experience with a Postgraduate degree and B.Ed., responsible for delivering English content across different grade levels.
* **Master Level:** 4\-8 years of experience in advanced studies with a Postgraduate degree and B.Ed., with a deep understanding of English language and literature.
* **Developer Level:** 9\+ years of experience, a Postgraduate degree with B.Ed or M.Ed, with specialized skills in curriculum development and leadership in the English department.

**Screening Process:**

* **Written Test:** A subject\-specific exam assessing proficiency in English.
* **Proficiency Test:** Tests for proficiency in MS Office.
* **Reading Test:** Conducted through Microsoft Teams.
* **Teaching Demonstration:** Candidates demonstrate teaching skills through a mock class session.

**Benefits:**

* **Competitive Salary and Benefits:** Including healthcare, pension, and other perks.
* **Professional Development:** Opportunities for growth and leadership training.
* **Nurturing Environment:** A collaborative and innovative work atmosphere.
* \#EnglishTeacher
* \#TeachingJobs
* \#TeacherVacancy
* \#EducatorJobs
* \#HiringTeachers
* \#AcademicJobs
* \#JobOpening
* \#TeacherHiring
* \#NowHiring
* \#FacultyPosition
* \#EnglishLanguage
* \#ESLJobs (for English as Second Language)
* \#LiteratureTeacher
* \#LanguageArts
* \#GrammarExpert
* \#CommunicationSkills
* \#HighSchoolTeacher
* \#MiddleSchoolTeacher
* \#PrimaryTeacher
* \#ExperiencedTeacher
* \#FresherWelcome
* \#JobsInVijayawada
* \#AndhraPradeshJobs
* \#TeachingJobsIndia

Job Type: Full\-time

Pay: ₹20,000\.00 \- ₹40,000\.00 per month

Education:

* Master's (Preferred)

Experience:

* Teaching: 4 years (Preferred)
* total work: 4 years (Preferred)

Language:

* English (Preferred)

Work Location: In person",,https://www.glassdoor.co.in/Overview/W-EI_IE10125288.htm,,,,,,,,,,,,
gd-1010019664170,glassdoor,https://www.glassdoor.co.in/job-listing/j?jl=1010019664170,,Physical Science Teacher,Nalanda Vidyaniketan,Vijayawāda,2026-02-03,,direct_data,monthly,22000.0,22000.0,INR,False,,,sponsored,,"Physics Teacher Nalanda Vidyaniketan Vijayawada, Andhra Pradesh, India (On\-site)

**Physics Teacher – CBSE (K–12\)**

**Location:** Nalanda Vidyaniketan, Vijayawada, Andhra Pradesh

**Employment Type:** Full\-Time / Part\-Time

**Salary:** Based on experience and institutional standards.

**Website:** https://nvn.edu.in

A**ffiliation:** Central Board of Secondary Education (CBSE)

**Relocation:** Candidates from other cities or states who are willing to relocate to Vijayawada are encouraged to apply. We welcome passionate educators from across India.

**About Us**

Nalanda Vidyaniketan is a renowned K\-12 institution committed to academic excellence and holistic development. We empower students to become responsible global citizens through high\-quality education and value\-based learning.

Learn more at: https://nvn.edu.in

**Job Summary**

We are looking for a dynamic and experienced **Physics Teacher** to handle classes from middle school to senior secondary levels under the CBSE curriculum. The ideal candidate should have deep conceptual clarity, the ability to simplify complex topics, and a passion for making Physics relatable through real\-world applications.

**Key Responsibilities**

* **Curriculum Delivery:** Teach Physics across Grades 6–12 as per CBSE curriculum, including NEET\-level preparation for senior secondary.
* **Lesson Planning:** Develop structured lesson plans with visual aids, experiments, and concept\-based learning strategies.
* **Student Assessment:** Conduct regular evaluations and monitor academic performance.
* **Lab Sessions:** Conduct physics practicals and ensure safety and understanding in lab work.
* **Parent Communication:** Share progress reports and collaborate to support student success.
* **Professional Development:** Participate in departmental discussions, training, and workshops.

**Qualification Requirements**

* **Postgraduate degree (M.Sc.) in Physics / Applied Physics / Physical Sciences**
* OR **Graduates/Postgraduates** in Science with strong Physics specialization and relevant CBSE teaching experience
* Proficiency in **English (spoken \& written)**
* Comfortable using **MS Office**, **PowerPoint**, and **digital teaching platforms**

**Qualification Levels**

* **Founder Level:** 1–3 years of experience teaching Physics in CBSE schools. Responsible for teaching and lab support.
* **Master Level:** 4–8 years of experience. Guides students in senior classes and assists in curriculum planning.
* **Developer Level:** 9\+ years of experience. Leads Physics department strategy and supports NEET/board exam\-focused programs.

**Screening Process**

* **Subject\-Wise Written Test** – To assess Physics fundamentals, numerical problem\-solving, and pedagogy.
* **Proficiency Test** – Evaluation of digital tools and MS Office usage.
* **Reading Test** – Conducted live via MS Teams to assess explanation clarity and articulation.
* **Teaching Demo** – Mock class to evaluate concept clarity, use of teaching aids, and student engagement.

**Why Join Us?**

✅ **Competitive Salary**: ₹22,000 – ₹40,000 per month based on experience

✅ **Innovative Teaching Environment**: Blend of labs, tech, and academic rigor

✅ **Collaborative Science Department**: Work with experienced faculty and growth\-focused peers

✅ **Academic Enrichment Opportunities**: Support for NEET prep, board exam excellence, and Olympiad training

Job Type: Full\-time

Pay: From ₹22,000\.00 per month

Work Location: In person",,https://www.glassdoor.co.in/Overview/W-EI_IE10125288.htm,,,,,,,,,,,,
gd-1010019665033,glassdoor,https://www.glassdoor.co.in/job-listing/j?jl=1010019665033,,PYP Teacher Homeroom,Bloomingdale International School,Vijayawāda,2026-02-03,,direct_data,yearly,120000.0,504000.0,INR,False,,,sponsored,,"We are looking for a passionate and committed **PYP Homeroom Teacher** to join our team. The ideal candidate should be enthusiastic about inquiry\-based learning and ready to take up this position **on an urgent basis**.

**Key Responsibilities:**

* Facilitate engaging, inquiry\-driven learning experiences aligned with the IB PYP framework.
* Create a positive, inclusive classroom environment that nurtures curiosity and creativity.
* Collaborate with the grade\-level and subject teams for planning and reflection.
* Maintain strong communication with parents and support student well being.

**Requirements:**

* Graduate/Postgraduate with a teaching qualification (B.Ed or equivalent).
* Prior IB PYP experience preferred (or strong understanding of inquiry\-based pedagogy).
* Excellent communication and classroom management skills.

**Immediate joiners preferred.**  
**Why Join Us:**

* Supportive and collaborative work environment.
* Professional growth through IB training and mentoring.
* Opportunity to be part of a dynamic, child\-centered learning culture.

Job Type: Full\-time

Language:

* English (Preferred)

Work Location: In person",,https://www.glassdoor.co.in/Overview/W-EI_IE3321727.htm,https://media.glassdoor.com/sql/3321727/bloomingdale-international-school-squarelogo-1629391462717.png,,,,,,,,,,,
gd-1010019663758,glassdoor,https://www.glassdoor.co.in/job-listing/j?jl=1010019663758,,MYP DP English Teacher,Bloomingdale International School,Vijayawāda,2026-02-03,,direct_data,yearly,240000.0,600000.0,INR,False,,,sponsored,,,,https://www.glassdoor.co.in/Overview/W-EI_IE3321727.htm,https://media.glassdoor.com/sql/3321727/bloomingdale-international-school-squarelogo-1629391462717.png,,,,,,,,,,,
gd-1010019665549,glassdoor,https://www.glassdoor.co.in/job-listing/j?jl=1010019665549,,Design & Digital Technology Teacher,Bloomingdale International School,Vijayawāda,2026-02-03,,,,,,,False,,,sponsored,,,,https://www.glassdoor.co.in/Overview/W-EI_IE3321727.htm,https://media.glassdoor.com/sql/3321727/bloomingdale-international-school-squarelogo-1629391462717.png,,,,,,,,,,,
gd-1010019701649,glassdoor,https://www.glassdoor.co.in/job-listing/j?jl=1010019701649,,Office Assistant,ACCUTECH INFOSYSTEMS PVT. LTD.,Bhīmavaram,2026-02-03,,direct_data,monthly,15000.0,18000.0,INR,False,,,organic,,,,https://www.glassdoor.co.in/Overview/W-EI_IE518590.htm,https://media.glassdoor.com/sql/518590/accutech-power-solutions-squarelogo-1638874111355.png,,,,,,,,,,,
gd-1010020867462,glassdoor,https://www.glassdoor.co.in/job-listing/j?jl=1010020867462,,Branch In charge,Quality Food Product Industries,Guntūr,2026-02-03,,direct_data,monthly,28000.0,28000.0,INR,False,,,organic,,,,,,,,,,,,,,,,
gd-1010019451745,glassdoor,https://www.glassdoor.co.in/job-listing/j?jl=1010019451745,,Business Developemt Executive_Khammam,SIA Publishers & Distributors Pvt Ltd.,Khammam,2026-02-03,,direct_data,monthly,24000.0,30000.0,INR,False,,,organic,,,,,,,,,,,,,,,,
gd-1010019663377,glassdoor,https://www.glassdoor.co.in/job-listing/j?jl=1010019663377,,Social Teacher (iCBSE),Bloomingdale International School,India,2026-02-03,,direct_data,monthly,50000.0,50000.0,INR,False,,,sponsored,,,,https://www.glassdoor.co.in/Overview/W-EI_IE3321727.htm,https://media.glassdoor.com/sql/3321727/bloomingdale-international-school-squarelogo-1629391462717.png,,,,,,,,,,,
gd-1010019670934,glassdoor,https://www.glassdoor.co.in/job-listing/j?jl=1010019670934,,Kindergarten Teacher,Nalanda Vidyaniketan,Vijayawāda,2026-02-03,,direct_data,monthly,25000.0,25000.0,INR,False,,,sponsored,,,,https://www.glassdoor.co.in/Overview/W-EI_IE10125288.htm,,,,,,,,,,,,
gd-1010018758236,glassdoor,https://www.glassdoor.co.in/job-listing/j?jl=1010018758236,,Hindi Teacher,NALANDA ACADEMY OF SCIENCE AND TECHNICAL EDUCATION,Vijayawāda,2026-02-02,,direct_data,monthly,20000.0,35000.0,INR,False,,,sponsored,,"**Hindi Teacher – CBSE (K\-12\)**

**Location:** Nalanda Vidyaniketan, Vijayawada, Andhra Pradesh  
**Employment Type:** Full\-Time / Part\-Time  
**Salary Range:** ₹20,000 – ₹35,000 per month (based on experience)  
**Website:** https://nvn.edu.in  
**Affiliation:** Central Board of Secondary Education (CBSE)  
**Relocation:** Candidates from other cities or states who are willing to relocate to Vijayawada are encouraged to apply. We welcome passionate educators from across India.

About Us

Nalanda Vidyaniketan is a renowned K\-12 institution committed to academic excellence and holistic development. We empower students to become responsible global citizens through high\-quality education and value\-based learning.  
**Learn more at:** https://nvn.edu.in

Job Summary

We are looking for an enthusiastic and experienced Hindi Teacher who can deliver the CBSE curriculum effectively while creating an engaging and inclusive classroom environment. The ideal candidate should be passionate about the Hindi language, proficient in instructional design, and committed to fostering student learning and development.

Key Responsibilities

* Curriculum Delivery: Teach Hindi to assigned grade levels in alignment with CBSE guidelines.
* Lesson Planning: Prepare detailed lesson plans with engaging activities and assessments.
* Student Assessment: Conduct periodic tests and maintain academic records.
* Classroom Management: Maintain a disciplined and interactive learning space.
* Parent Communication: Share academic progress and collaborate with parents.
* Professional Development: Participate in regular training, workshops, and peer review sessions.

Qualification Requirements

* Postgraduate degree (MA) in Hindi OR
* Any Graduate/Postgraduate with completed Hindi\-related certifications/courses from a recognized institution
* B.Ed. is preferred
* M.Ed. is an added advantage for senior\-level roles
* Must have good command of spoken and written Hindi, with working proficiency in English and MS Office tools

Qualification Levels

* **Founder Level:** 1–3 years of experience with relevant qualifications (B.Ed. preferred). Responsible for teaching across different grades.
* **Master Level:** 4–8 years of experience with relevant qualifications (B.Ed. preferred). May mentor junior teachers and take additional academic responsibilities.
* **Developer Level:** 9\+ years of experience with relevant qualifications (B.Ed. or M.Ed. preferred). Leads curriculum planning and Hindi department initiatives.

Screening Process

* Subject\-Wise Written Test – To evaluate command over Hindi grammar, literature, and pedagogy.
* Proficiency Test – Assessing skills in MS Office and digital classroom tools.
* Reading Test – Online evaluation of fluency, clarity, and pronunciation via MS Teams.
* Teaching Demo – Sample class to assess delivery, interaction, and clarity.

Why Join Us?

* **Competitive Salary:** ₹20,000 – ₹35,000 per month based on experience
* **Professional Development:** Continuous learning through workshops \& training
* **Supportive Culture:** A collaborative environment with opportunities for growth
* **Location Advantage:** Work in a top\-rated CBSE school in the heart of Vijayawada

Job Type: Full\-time

Pay: ₹20,000\.00 \- ₹35,000\.00 per month

Ability to commute/relocate:

* Vijayawada, Andhra Pradesh: Reliably commute or willing to relocate with an employer\-provided relocation package (Preferred)

Education:

* Master's (Preferred)

Experience:

* Teaching: 4 years (Preferred)
* Making lesson plans: 4 years (Preferred)
* total work: 4 years (Preferred)

Language:

* English (Preferred)

Work Location: In person",,,,,,,,,,,,,,
gd-1010015971889,glassdoor,https://www.glassdoor.co.in/job-listing/j?jl=1010015971889,,Warehouse Incharge,ACCUTECH INFOSYSTEMS PVT. LTD.,Bhīmavaram,2026-01-31,,direct_data,monthly,20000.0,25000.0,INR,False,,,organic,,,,https://www.glassdoor.co.in/Overview/W-EI_IE518590.htm,https://media.glassdoor.com/sql/518590/accutech-power-solutions-squarelogo-1638874111355.png,,,,,,,,,,,
gd-1010016258887,glassdoor,https://www.glassdoor.co.in/job-listing/j?jl=1010016258887,,Office Executive,EYE ADS PRIVATE LIMITED.,Guntūr,2026-01-31,,direct_data,monthly,22000.0,25000.0,INR,False,,,organic,,,,,,,,,,,,,,,,
gd-1010013286279,glassdoor,https://www.glassdoor.co.in/job-listing/j?jl=1010013286279,,Computer Operator,Maheswari Jewellers,Vijayawāda,2026-01-29,,direct_data,monthly,15000.0,25000.0,INR,False,,,organic,,,,,,,,,,,,,,,,
gd-1010010366740,glassdoor,https://www.glassdoor.co.in/job-listing/j?jl=1010010366740,,Cashier/Customer Service,Andhra prime Hospitals,Guntūr,2026-01-26,,direct_data,monthly,12000.0,14000.0,INR,False,,,organic,,,,,,,,,,,,,,,,
gd-1010009498344,glassdoor,https://www.glassdoor.co.in/job-listing/j?jl=1010009498344,,EXECUTIVE-BD,SRI RAMADAS MOTOR TRANSPORT LIMITED,Vijayawāda,2026-01-25,,direct_data,monthly,35000.0,35000.0,INR,False,,,organic,,,,,,,,,,,,,,,,
gd-1010008444751,glassdoor,https://www.glassdoor.co.in/job-listing/j?jl=1010008444751,,"MYP DP Physics, Mathematics & Computer Science Teacher",Bloomingdale International School,Vijayawāda,2026-01-24,,direct_data,monthly,100000.0,125000.0,INR,False,,,sponsored,,,,https://www.glassdoor.co.in/Overview/W-EI_IE3321727.htm,https://media.glassdoor.com/sql/3321727/bloomingdale-international-school-squarelogo-1629391462717.png,,,,,,,,,,,
gd-1010008006978,glassdoor,https://www.glassdoor.co.in/job-listing/j?jl=1010008006978,,Billing Executive,Novacare Healthcare Solutions Pvt Ltd,India,2026-01-23,,direct_data,monthly,18000.0,22000.0,INR,False,,,organic,,"Medical Billing Executive \- Medical Distributor

\- Process \& manage invoices for medical supplies/products

\- Ensure timely billing \& follow\-up on payments

\- Handle queries related to billing \& payments

\- Maintain records \& reconcile accounts

\- Coordinate with customers \& internal teams for billing issues

Job Types: Full\-time, Permanent

Pay: ₹18,000\.00 \- ₹22,000\.00 per month

Benefits:

* Health insurance
* Provident Fund

Work Location: In person",,,,,,,,,,,,,,
gd-1010007026364,glassdoor,https://www.glassdoor.co.in/job-listing/j?jl=1010007026364,,Admission Counsellor NVN,Nalanda Vidyaniketan,Vijayawāda,2026-01-23,,direct_data,monthly,20000.0,30000.0,INR,False,,,sponsored,,,,https://www.glassdoor.co.in/Overview/W-EI_IE10125288.htm,,,,,,,,,,,,
gd-1010008009215,glassdoor,https://www.glassdoor.co.in/job-listing/j?jl=1010008009215,,Collection Executive,Novacare Healthcare Solutions Pvt Ltd,India,2026-01-23,,direct_data,monthly,16000.0,20000.0,INR,False,,,organic,,,,,,,,,,,,,,,,
gd-1010005688690,glassdoor,https://www.glassdoor.co.in/job-listing/j?jl=1010005688690,,"Senior Manager – Finance, Accounts and Compliance",Cosmos Green Veltoor Farm,,2026-01-22,,direct_data,yearly,1500000.0,2000000.0,INR,True,,,sponsored,,"**Job Title:** Senior Manager – Finance, Accounts and Compliance

**Location:** Hyderabad, TS

**Employment Type:** Full\-Time

**Experience:** 5\+ years (post\-qualification)

**Compensation:** (depending on experience and fit)

**About Soul Forest**

We are a business that transforms barren lands into biodiverse forests through an 80:20 model—80% nature reserve, 20% eco\-sensitive living, wellness, and livelihoods. Our 250\-acre pilot in Veltoor, Telangana is a living lab of restoration and regeneration. Founded by Earthshot Prize\-winning climate entrepreneurs, Soul Forest aims to scale this model to 100,000 acres globally in the next decade.

As we prepare to scale, we are strengthening our Finance \& Compliance backbone to be “always audit\-ready” and “scale\-ready”.

**What’s the Role?**

As **Senior Manager – Finance, Accounts and Compliance** at Soul Forest, you will own end\-to\-end accounting, tax, and compliance across our group entities. You will work deeply with organisational data to ensure zero non\-compliance, robust documentation, and clean, investor\-ready books.

You will coordinate closely with auditors and external consultants, review and refine legal and tax\-related documents, and build systems that make the organisation ready for scale—across finance, tax, and regulatory requirements. This is a rounded finance leadership role for someone who wants to be both hands\-on and strategic.

**What You’ll Do**

* **Own end\-to\-end accounts** for all entities – bookkeeping, ledgers scrutiny, reconciliations, monthly closing, and finalisation of financial statements.
* **Run tax and statutory compliances** – Income tax (TDS, advance tax, returns, tax audit), basic GST coordination, and ensuring all filings are on time.
* **Coordinate with auditors and consultants** – be the single point of contact for statutory auditors, tax advisors, and compliance/legal consultants; close audits and queries on time.
* **Review finance\-related legal documents** – contracts, leases, JV agreements, loan docs, and commercial agreements from a finance, tax, and compliance lens.
* **Manage Treasury and MIS functions** – oversee banking operations, cash flow planning, treasury management, and prepare timely MIS, budgets, and management reports.
* **Build a clean compliance backbone** – maintain trackers, registers, and a data room so the organisation is always due\-diligence\-ready with zero slippage.
* **Strengthen systems and controls** – set up simple, robust processes for approvals, documentation, and reporting to support scale\-up.

**Who We’re Looking For**

* **Qualified Chartered Accountant (CA) only** — this is a mandatory requirement.
* **Minimum 5 years of post\-qualification, industry experience**, preferably in a **mid\-sized organization**, with demonstrated exposure to managing end\-to\-end finance operations.
* **Proven experience in leading and running a finance function or finance team**, including delegation, review, and ownership of outcomes.
* Strong, hands\-on experience in **accounting and finalisation of books** for companies and LLPs, with deep expertise in **MIS, budgeting, forecasting, and financial reporting**.
* Solid working knowledge of **income tax** (including TDS, returns, and tax audits) and **working exposure to GST and other regulatory compliances** (coordination through consultants is acceptable).
* Prior experience working closely with **statutory auditors, tax advisors, legal and compliance consultants**, and taking ownership of timely closures and submissions.
* **Working knowledge of business and commercial laws** including reviewing agreements and understanding legal implications from a finance perspective.

**Who Should Skip This**

This role is probably **not** for you if:

* You prefer narrow or siloed accounting roles and are not interested in handling end\-to\-end finance operations, including compliances, documentation, and legal–finance interfaces.
* You have limited experience across the full finance lifecycle and have only worked on specific or support areas within a finance team without overall ownership.
* You are uncomfortable taking ownership and being accountable for “nothing slips” on compliances.
* You dislike working with auditors, consultants, or legal teams and avoid detailed documentation.
* You’re not actively updating yourself on changes in tax and accounting standards.

**Why Work With Us?**

* **Be the Backbone:** You will build and own the finance \& compliance backbone of a pioneering, nature\-led organisation.
* **Scale with Purpose:** Work at the intersection of finance, law, and climate action.
* **High Exposure:** Get direct exposure to founders, investors, advisors, and multi\-entity structuring.
* **Growth \& Learning:** Opportunity to grow as the organisation scales.

**How to Apply**If this sounds like you, please apply using the form below (attach your **CV** and a **Cover Letter** on why this role excites you).

Fill out this Google Form:

https://forms.gle/9WoPXkRFrMTq8aNb6

**Note:** Only responses filled in the Google Form will be considered.

**Application Deadline:** 13th February, 2026 11:59PM IST

*Soul Forest is an equal opportunity employer. We celebrate diversity and are committed to creating an inclusive environment for all employees.* 

Job Type: Full\-time

Pay: ₹1,500,000\.00 \- ₹2,000,000\.00 per year

Work Location: In person",,,,,,,,,,,,,,
gd-1010003953720,glassdoor,https://www.glassdoor.co.in/job-listing/j?jl=1010003953720,,Prosthetist & Orthotist,Kan Innovations Pvt Ltd,Buckinghampet,2026-01-21,,direct_data,monthly,25000.0,35000.0,INR,False,,,sponsored,,"**Role (Designation)**

Prosthetist \& Orthotist

**Qualification**

Bachelor's Degree is a must.

**Experience**

1\-2 Years

**Skills**

* Technical skills to be able to design orthotics or prosthetics with the appropriate materials, measurements and components
* Detail\-oriented for precise patient assessments and device design, and fabrication
* Communication skills to communicate with physicians and technicians
* Analytical and problem\-solving skills to carefully assess patients

**Training**

Yes – Training provided as per the profile.

**Responsibility**

**Patient Assessment:** Assist in evaluating patients’ needs by conducting physical examinations and reviewing medical histories. Interviewing and assessing patients to identify unique needs and briefing on treatment plans

* **Device Design and Fabrication:** Help design and fabricate prosthetic and orthotic solutions, ensuring they meet the specific needs of each patient. Designing and fabricating orthotic devices based on patients measurements and physician prescriptions
* **Fitting and Adjustment:** Aid in fitting and adjusting devices, ensuring comfort, functionality, and proper alignment. Measuring or taking impressions of a patient’s feet to design a footwear and or insoles
* **Patient Education:** Educate patients on the use, care, and maintenance of their prosthetic or orthotic solutions. Providing patients with device use and maintenance instructions
* **Follow\-Up Care:** Provide follow\-up care and make necessary adjustments to devices based on patient feedback and changing needs. Providing ongoing care and repairing or adjusting devices as treatments progress
* **Record Keeping:** Maintain accurate and detailed patient records, including assessment results, treatment plans, and follow\-up notes.
* **Continuing Education:** Stay updated on the latest advancements in prosthetics and orthotics through continuous education and training. Provide insights and inputs on how to improve operational processes.
* **Customize Solutions:** Constructing prosthetics or orthotics by hand or supervising construction by medical appliance technicians.

Job Type: Full\-time

Pay: ₹25,000\.00 \- ₹35,000\.00 per month

Benefits:

* Cell phone reimbursement
* Internet reimbursement
* Paid time off
* Provident Fund
* Work from home

Work Location: In person",,,,,,,,,,,,,,
gd-1010005381370,glassdoor,https://www.glassdoor.co.in/job-listing/j?jl=1010005381370,,MYP DP Chemistry Teacher,Bloomingdale International School,Vijayawāda,2026-01-21,,direct_data,yearly,336000.0,600000.0,INR,False,,,sponsored,,,,https://www.glassdoor.co.in/Overview/W-EI_IE3321727.htm,https://media.glassdoor.com/sql/3321727/bloomingdale-international-school-squarelogo-1629391462717.png,,,,,,,,,,,
gd-1010002321354,glassdoor,https://www.glassdoor.co.in/job-listing/j?jl=1010002321354,,Branch Operation Executive,AWAZE Limited,Vijayawāda,2026-01-20,,direct_data,monthly,12000.0,16000.0,INR,False,,,organic,,,,,,,,,,,,,,,,
gd-1010001493915,glassdoor,https://www.glassdoor.co.in/job-listing/j?jl=1010001493915,,"SENIOR EXECUTIVE - INCOME TAX FILING @ MANGALAGIRI, AP",Anil Chakravarthy & Co.,,2026-01-18,,direct_data,yearly,300000.0,600000.0,INR,True,,,sponsored,,"Anil Chakravarthy \& Co., is a leading firm of Income Tax \& GST Practitioners at Mangalagiri. we are looking for Senior Executives to handle Income Tax Return Filing having hands on Experience of at least 3 Years. Working Knowledge in Income Tax Filing and Proficiency in preparation and finalisation of Financial Statements is essential. CAs, Semi CAs or Commerce Graduates having hands on experience may send their resumes. Candidates having completed CA Articleship are preferred.

Job Type: Full\-time

Pay: ₹300,000\.00 \- ₹600,000\.00 per year

Application Question(s):

* are you willing to work in Mangalagiri, AP

Education:

* Bachelor's (Preferred)

Experience:

* Income Tax Filing: 3 years (Preferred)

Work Location: In person",,,,,,,,,,,,,,
gd-1010000371599,glassdoor,https://www.glassdoor.co.in/job-listing/j?jl=1010000371599,,Operations support agent - assosiate,FedEx AMEA,Khammam,2026-01-17,,,,,,,False,,,organic,,,,https://www.glassdoor.co.in/Overview/W-EI_IE246.htm,https://media.glassdoor.com/sql/246/fedex-squarelogo-1557862760250.png,,,,,,,,,,,
gd-1010001399618,glassdoor,https://www.glassdoor.co.in/job-listing/j?jl=1010001399618,,Warehouse Operator,VC NUTRI FOODS PRIVATE LIMITED,Nūzvīd,2026-01-17,,direct_data,monthly,15000.0,33097.0,INR,False,,,organic,,,,https://www.glassdoor.co.in/Overview/W-EI_IE7229777.htm,https://media.glassdoor.com/sql/7229777/vc-nutri-foods-squarelogo-1656683256807.png,,,,,,,,,,,
gd-1009997708025,glassdoor,https://www.glassdoor.co.in/job-listing/j?jl=1009997708025,,Head of Digital Marketing,Liimrasoft Solutions,Narasaraopet,2026-01-15,,direct_data,yearly,800000.0,1200000.0,INR,False,,,sponsored,,"**Liimrasoft is Hiring: Head of Digital Marketing \& Growth (10\+ Years) — Vijayawada (Onsite)**

Final Requirements:

* 10\+ years of digital marketing / growth leadership experience with measurable results (startup/scale\-up preferred)
* Hands\-on expertise in SEO \+ Performance Marketing across Google Ads/YouTube, Meta, and LinkedIn, including retargeting and budget ownership
* Proven ability to build and optimize end\-to\-end funnels: landing pages, lead magnets, webinar/workshop funnels, nurturing/CRM follow\-ups, and CRO/A/B testing
* Strong command of tracking \& attribution: GA4, Google Tag Manager, pixels/conversion events, dashboards, and CRM source tracking
* Experience driving growth through social media marketing (organic \+ paid) with measurable lead/revenue impact
* Ability to manage multiple growth outcomes across B2C acquisition and B2B pipeline generation simultaneously
* Strong communication and copywriting skills for ads, landing pages, webinar scripts, and conversion sequences
* Proven ability to hire, lead, and mentor teams (performance, SEO/content, creative/video, marketing ops) and build SOPs/weekly KPI cadence
* Non\-negotiable traits: hands\-on operator mindset, KPI/revenue accountability, data\-driven decision\-making, fast execution with high standards, and ethical marketing practices

Job Type: Full\-time

Pay: ₹800,000\.00 \- ₹1,200,000\.00 per year

Ability to commute/relocate:

* Narasaraopet, Andhra Pradesh: Reliably commute or planning to relocate before starting work (Preferred)

Experience:

* Digital marketing: 4 years (Preferred)

Work Location: In person",,,,,,,,,,,,,,
gd-1009991345354,glassdoor,https://www.glassdoor.co.in/job-listing/j?jl=1009991345354,,HIGH SCHOOL ENGLISH TEACHER,ST ANNS ICSE SCHOOL,Tādepallegūdem,2026-01-09,,direct_data,monthly,20000.0,45000.0,INR,False,,,sponsored,,"Job Details:

* Vacancy: English PGT Teacher
* Role Category: Senior Secondary English Teaching
* Employment Type: Full\-Time
* Location: Based on school requirement

Key Responsibilities:

* Develop and implement comprehensive lesson plans for advanced English courses.
* Assess student performance through tests, essays, and presentations.
* Provide constructive feedback and support students in improving their skills.
* Create an engaging and positive classroom environment to enhance learning.
* Collaborate with teachers, staff, and parents to support student growth.
* Stay updated with modern teaching methodologies and integrate them into lessons.
* Guide students in exam preparation to ensure academic success.

Qualifications \& Skills:

* Education:
* Bachelor of Education (B.Ed) or relevant teaching certification.
* Experience:
* Minimum 2\+ years of experience teaching English in Bhimavaram at any senior secondary level.
* Local or Native from Bhimavaram Andhra Pradesh.
* Skills:
* Curriculum Development
* Student Assessment \& Feedback
* Classroom Management
* Literature Analysis \& Creative Writing
* Educational Technology Integration
* Strong written and oral communication skills
* Ability to engage and inspire students.

Job Type: Permanent

Pay: ₹20,000\.00 \- ₹45,000\.00 per month

Benefits:

* Food provided

Work Location: In person",,,,,,,,,,,,,,
gd-1009991456874,glassdoor,https://www.glassdoor.co.in/job-listing/j?jl=1009991456874,,RM-CV-Vijayawada,Green Start Jobs,Vijayawāda,2026-01-09,,direct_data,yearly,450000.0,450000.0,INR,False,,,organic,,,,https://www.glassdoor.co.in/Overview/W-EI_IE9738791.htm,,,,,,,,,,,,
gd-1009990138272,glassdoor,https://www.glassdoor.co.in/job-listing/j?jl=1009990138272,,Hospital Manager (Male),Punarjan Ayurveda Pvt Ltd,Vijayawāda,2026-01-08,,direct_data,monthly,35000.0,45000.0,INR,False,,,organic,,,,,,,,,,,,,,,,
gd-1009986633243,glassdoor,https://www.glassdoor.co.in/job-listing/j?jl=1009986633243,,Academic Incharge (MALE),Masterminds,Guntūr,2026-01-06,,direct_data,monthly,25000.0,30000.0,INR,False,,,organic,,,,,,,,,,,,,,,,
gd-1009981498322,glassdoor,https://www.glassdoor.co.in/job-listing/j?jl=1009981498322,,Customer Support Executive (CSE),VASISTHA CORPORATE SERVICES,India,2025-12-28,,direct_data,monthly,8086.0,20000.0,INR,False,,,organic,,,,,,,,,,,,,,,,
gd-1009964930339,glassdoor,https://www.glassdoor.co.in/job-listing/j?jl=1009964930339,,Factory manager,kaldansoftech,Bāpatla,2025-12-11,,direct_data,monthly,30000.0,40000.0,INR,False,,,organic,,,,,,,,,,,,,,,,
gd-1009961374890,glassdoor,https://www.glassdoor.co.in/job-listing/j?jl=1009961374890,,Cashier,Ramachandra Brothers Mega Furniture Showroom,Vijayawāda,2025-12-07,,direct_data,monthly,15000.0,15000.0,INR,False,,,organic,,,,,,,,,,,,,,,,
gd-1009948690680,glassdoor,https://www.glassdoor.co.in/job-listing/j?jl=1009948690680,,Front Office Representative,Ivy Overseas,Guntūr,2025-11-25,,direct_data,monthly,15000.0,20000.0,INR,False,,,organic,,,,https://www.glassdoor.co.in/Overview/W-EI_IE8814333.htm,,,,,,,,,,,,
gd-1009939366962,glassdoor,https://www.glassdoor.co.in/job-listing/j?jl=1009939366962,,Tele Caller Executive,BBG INDIA DEVELOPERS,Vijayawāda,2025-11-15,,direct_data,monthly,20000.0,25000.0,INR,False,,,organic,,,,https://www.glassdoor.co.in/Overview/W-EI_IE2420535.htm,https://media.glassdoor.com/sql/2420535/building-blocks-group-squarelogo-1579706532682.png,,,,,,,,,,,
gd-1009939991070,glassdoor,https://www.glassdoor.co.in/job-listing/j?jl=1009939991070,,EXECUTIVE N - RETAIL SALES - VIJAYAWADA,Asian Paints,Vijayawāda,2025-11-15,,,,,,,False,,,organic,,,,https://www.glassdoor.co.in/Overview/W-EI_IE250495.htm,https://media.glassdoor.com/sql/250495/asian-paints-squarelogo.png,,,,,,,,,,,
gd-1009918291757,glassdoor,https://www.glassdoor.co.in/job-listing/j?jl=1009918291757,,International Business Managers,kannan enterprises,,2025-10-26,,direct_data,monthly,12564.0,55329.0,INR,True,,,sponsored,,"This is a full\-time, on\-site role for an International Business Development in India / Dubai.

* Conducting market research and analysis to find new business and client opportunities internationally
* Arranging appointments for international clients
* Negotiating terms with potential clients abroad
* Monitoring effective implementation of international business development activities
* Developing individual business plans for each country
* Expanding a business's reach into international markets
* Researching market trends and developing partnerships with international partners
* Following up with leads, establishing relationships with potential new clients, and arranging appointments.
* Following through with leads, looking for a successful agreement or arrangement.
* Should be feasible for International travel at the company's cost
* Candidates should have good communication skills to communicate and handle foreign clients

**Qualifications**

* Minimum Degree with 10 years of Experience in International Marketing

Job Type: Full\-time

Benefits:

* Cell phone reimbursement
* Flexible schedule

Job Types: Full\-time, Permanent

Pay: ₹12,564\.70 \- ₹55,329\.63 per month

Ability to commute/relocate:

* Andhra Pradesh: Reliably commute or planning to relocate before starting work (Preferred)

Experience:

* Marketing: 10 years (Preferred)

Language:

* English (Required)

Willingness to travel:

* 50% (Required)",,,,,,,,,,,,,,
gd-1009917539997,glassdoor,https://www.glassdoor.co.in/job-listing/j?jl=1009917539997,,Executive - BC Hub-C&O,KPMG,Vijayawāda,2025-10-25,,,,,,,False,,,organic,,,,https://www.glassdoor.co.in/Overview/W-EI_IE2867.htm,https://media.glassdoor.com/sql/2867/kpmg-squareLogo-1724938664417.png,,,,,,,,,,,
gd-1009901607538,glassdoor,https://www.glassdoor.co.in/job-listing/j?jl=1009901607538,,PB - CASA- VIJAYAWADA,Green Start Jobs,Vijayawāda,2025-10-09,,direct_data,yearly,420000.0,420000.0,INR,False,,,organic,,,,https://www.glassdoor.co.in/Overview/W-EI_IE9738791.htm,,,,,,,,,,,,
gd-1009843581270,glassdoor,https://www.glassdoor.co.in/job-listing/j?jl=1009843581270,,EXECUTIVE N - CUSTOMER SERVICE TECHNOLOGIST,Asian Paints,Vijayawāda,2025-08-14,,direct_data,yearly,522500.0,812500.0,INR,False,,,organic,,,,https://www.glassdoor.co.in/Overview/W-EI_IE250495.htm,https://media.glassdoor.com/sql/250495/asian-paints-squarelogo.png,,,,,,,,,,,
gd-1009843151324,glassdoor,https://www.glassdoor.co.in/job-listing/j?jl=1009843151324,,Executive N - Retail Sales,Asian Paints,Vijayawāda,2025-08-14,,direct_data,yearly,547500.0,550000.0,INR,False,,,organic,,,,https://www.glassdoor.co.in/Overview/W-EI_IE250495.htm,https://media.glassdoor.com/sql/250495/asian-paints-squarelogo.png,,,,,,,,,,,
gd-1008859737623,glassdoor,https://www.glassdoor.co.in/job-listing/j?jl=1008859737623,,Relationship Associate,Sunshine Manpower Solution And Services,Vijayawāda,2024-11-24,,direct_data,yearly,200000.0,300000.0,INR,False,,,organic,,,,https://www.glassdoor.co.in/Overview/W-EI_IE3113489.htm,https://media.glassdoor.com/sql/3113489/sunshine-manpower-solution-and-services-squareLogo-1660908583764.png,,,,,,,,,,,
in-e272ddb6773472b4,indeed,https://in.indeed.com/viewjob?jk=e272ddb6773472b4,http://in.indeed.com/job/bams-doctor-e272ddb6773472b4,bams doctor,,"Karnal, HR, IN",2026-02-15,fulltime,,,,,,False,,,,,"**Role Summary**

The BAMS Doctor will be responsible for diagnosing, treating, and managing patients using Ayurvedic principles and therapies. The role includes patient consultation, treatment planning, prescribing Ayurvedic medicines, and ensuring high\-quality patient care aligned with clinic protocols.

**Key Responsibilities**1\. Clinical Responsibilities

* Conduct detailed patient consultations (Prakriti analysis, medical history, symptom evaluation).
* Diagnose diseases according to Ayurvedic principles.
* Prescribe Ayurvedic medicines, herbal formulations, and lifestyle modifications.
* Design personalized treatment plans.
* Monitor patient progress and modify treatment protocols accordingly.
* Maintain proper documentation of patient records.

2\. Therapy \& Procedure Oversight

* Supervise Panchakarma and other Ayurvedic therapies.
* Guide therapists and nursing staff during procedures.
* Ensure hygiene and clinical safety standards are maintained.

3\. Patient Counseling

* Educate patients about diet (Ahara), lifestyle (Vihara), and preventive care.
* Provide long\-term wellness guidance.
* Address patient queries and improve satisfaction levels.

4\. Administrative Duties

* Maintain OPD/IPD records.
* Coordinate with pharmacy for medicine inventory.
* Support clinic marketing activities (health camps, workshops, awareness sessions).
* Ensure compliance with local health regulations.

**Eligibility Criteria**

* BAMS degree from a recognized university.
* Valid State Medical Council registration.
* 0–5 years of clinical experience (freshers can apply if applicable).
* Strong diagnostic and communication skills.

**Preferred Skills**

* Good understanding of Panchakarma therapies.
* Experience in lifestyle disorders management.
* Basic computer knowledge (EMR, MS Office).
* Patient\-centric approach.
* Sales orientation (if working in private clinic/wellness setup).

**Compensation**

* Salary: ₹20,000 – ₹50,000 per month (based on experience \& location).
* Performance incentives (if applicable).
* Growth opportunities in clinical and managerial roles.

Job Type: Full\-time

Pay: ₹20,000\.00 \- ₹50,000\.00 per month

Work Location: In person",,https://in.indeed.comNone,,,,,,,,,,,,
in-4693c5f964276338,indeed,https://in.indeed.com/viewjob?jk=4693c5f964276338,http://in.indeed.com/job/sales-executive-4693c5f964276338,Sales Executive,Bajaj Finance,"GJ, IN",2026-02-15,fulltime,,,,,,False,,,,,"**Key Responsibilities** Explain two\-wheeler loan schemes, interest rates, EMI options, and offers to customers Verify customer documents (KYC, income proof, address proof) Process loan applications and coordinate approvals Coordinate with dealers and sales teams for smooth loan disbursement Maintain customer records and follow compliance guidelines Achieve monthly loan disbursement targets **Required Skills** Basic knowledge of finance and loans Good communication and convincing skills Customer\-handling ability Sales and negotiation skills Eligibility / Qualifications Graduation (preferred) or HSC with relevant experience Experience in banking, NBFC, or retail finance is an **advantage** Freshers may apply for junior roles Work Environment office work (dealer outlets) Target\-oriented role Interaction with customers, dealers, and internal teams **Salary (Monthly)** 21000 CTC \+ incentive as per file desbersment **Job Details** Employment Full\-time **Industry** Financial Services

Job Type: Full\-time

Pay: ₹17,500\.00 \- ₹30,000\.00 per month

Benefits:

* Leave encashment
* Paid sick time

Work Location: In person",,https://in.indeed.com/cmp/Bajaj-Finance,https://d2q79iu7y748jz.cloudfront.net/s/_squarelogo/256x256/bb1756699d9e361f3ae14613be20f44d,https://www.bajajfinserv.in/,Pune,"1,001 to 5,000",more than $10B (USD),"Bajaj Finance Limited is one of the fastest growing non-banks in India and is also among the 30 largest companies in India, by market cap.",,,,,,
in-2db29a034490ee0b,indeed,https://in.indeed.com/viewjob?jk=2db29a034490ee0b,http://in.indeed.com/job/admission-officer-2db29a034490ee0b,Admission Officer,,"KA, IN",2026-02-15,fulltime,,,,,,False,,,,,"This is a full time on site role in Bangalore for an Admission Officer.The Admission Officer will oversee the admission process, managing the student applications, assessing the eligibility and providing guidance throughout the admission journey. The role requires regular interaction with student and parents ensuring seamless and positive admission experience.

Job Types: Full\-time, Permanent

Pay: ₹350,000\.00 \- ₹450,000\.00 per year

Language:

* Hindi (Preferred)

Work Location: In person",,https://in.indeed.comNone,,,,,,,,,,,,
in-01b5df7f5b8485ed,indeed,https://in.indeed.com/viewjob?jk=01b5df7f5b8485ed,http://in.indeed.com/job/educational-counsellor-01b5df7f5b8485ed,Educational Counsellor,CollegeDisha,"UP, IN",2026-02-15,fulltime,,,,,,False,,,,,"**Job Title:** Educational Counsellor

**Job Type:** Full\-time  
**Salary:** ₹15,000 – ₹25,000 per month

**Job Description:**

We are looking for a dedicated and enthusiastic **Educational Counsellor** to join our team. The ideal candidate will guide students in making informed academic and career decisions and support them throughout the admission process.

**Key Responsibilities:**

* Counsel students regarding courses, colleges, and career options
* Understand student needs and recommend suitable educational programs
* Assist students with admission procedures and documentation
* Follow up with prospective students via calls, messages, and emails
* Maintain accurate student records and reports
* Coordinate with internal teams to ensure smooth counselling processes

**Eligibility Criteria:**

* **Freshers can apply**
* Good communication and interpersonal skills
* Basic computer knowledge (MS Office, email, CRM is a plus)
* Ability to handle students and parents confidently

**Education Qualification:**

* Graduate or equivalent (any stream)

**What We Offer:**

* Fixed salary \+ performance\-based incentives
* Training and growth opportunities
* Friendly and supportive work environment

Job Type: Full\-time

Pay: ₹15,000\.00 \- ₹25,000\.00 per month

Benefits:

* Flexible schedule
* Paid sick time

Work Location: In person",,https://in.indeed.com/cmp/Collegedisha,,,,,,,,,,,,
in-d4b9b0e8c3ad0514,indeed,https://in.indeed.com/viewjob?jk=d4b9b0e8c3ad0514,http://in.indeed.com/job/lecturer-d4b9b0e8c3ad0514,Lecturer,,"Kakinada, AP, IN",2026-02-15,fulltime,,,,,,False,,,,,"**Position:** Senior Data Structures \& Algorithms Faculty  
**Location:** Kakinada (On\-Site)  
**Employment Type:** Full\-Time

Role Overview

We are seeking an experienced Senior Data Structures \& Algorithms Faculty to join our founding academic team. The role involves designing and delivering structured courses, mentoring students through advanced problem\-solving, and contributing to curriculum architecture under the Tattvaya Engineering Network program.

Key Responsibilities

* Deliver comprehensive courses in Data Structures \& Algorithms
* Teach using Java, Python, C, or C\+\+
* Guide students on coding platforms such as LeetCode and CodeChef
* Develop structured learning materials and assessments
* Monitor student progress and performance metrics
* Align curriculum with current industry standards
* Contribute to long\-term academic planning

Required Qualifications

* Minimum 5\+ years of teaching experience in DSA
* Strong problem\-solving and conceptual clarity
* Proficiency in Java, Python, C, or C\+\+
* Experience mentoring students on coding platforms
* Excellent communication and presentation skills
* Bachelor’s or Master’s degree in Computer Science / IT or related field
* Fluency in both Telugu and English (mandatory)
* Industry software development experience is a plus

Compensation

Competitive salary package based on experience and expertise.

Job Type: Full\-time

Pay: From ₹700,000\.00 per year

Benefits:

* Food provided
* Health insurance
* Life insurance

Ability to commute/relocate:

* Kakinada, Andhra Pradesh: Reliably commute or planning to relocate before starting work (Required)

Application Question(s):

* Which coding platforms have you used for student mentoring?
* Are you comfortable working in a structured academic framework with performance metrics?

Education:

* Bachelor's (Preferred)

Language:

* Telugu (Required)

Work Location: In person",,https://in.indeed.comNone,,,,,,,,,,,,
in-12b555b129a7f62b,indeed,https://in.indeed.com/viewjob?jk=12b555b129a7f62b,http://in.indeed.com/job/placement-coordinator-12b555b129a7f62b,Placement Coordinator,DAGUR PLACEMENT SERVICES,"RJ, IN",2026-02-15,fulltime,,,,,,False,,,,,"* Collect manpower requirements from companies and obtain detailed Job Descriptions (JDs).
* Source, screen, and shortlist suitable candidates as per client requirements.
* Schedule interviews and ensure proper coordination between candidates and clients.
* Maintain and update the candidate database in Excel or CRM systems.
* Follow up on offer letters, joining confirmations, and required documentation.
* Maintain regular communication with client companies.
* Prepare and manage placement records and recruitment reports.
* Achieve target\-based hiring goals within the assigned timeline.

Job Types: Full\-time, Permanent

Pay: ₹13,000\.00 \- ₹20,000\.00 per month

Education:

* Bachelor's (Preferred)

Experience:

* Telecalling: 2 years (Required)
* Recruitment: 2 years (Required)
* Microsoft Excel: 1 year (Required)
* total work: 2 years (Required)

Language:

* English (Required)

Location:

* Jodhpur, Rajasthan (Required)

Work Location: In person",,https://in.indeed.com/cmp/Dagur-Placement-Services-2,,,,,,,,,,,,
in-31360be6b38d03c8,indeed,https://in.indeed.com/viewjob?jk=31360be6b38d03c8,http://in.indeed.com/job/marketing-executives-mba-marketing-interns-31360be6b38d03c8,Marketing Executives & MBA Marketing Interns,Veltora Solutions (OPC) Private Limited,"TN, IN",2026-02-15,"fulltime, internship",,,,,,False,,,,info@veltorasolutions.com,"**We’re Hiring! Marketing Executives \& MBA Marketing Interns – Chennai**

Are you energetic, confident, and ready to build a career in Sales \& Marketing?

At **Indogerma Products Ltd**, we are expanding our field marketing team and looking for passionate professionals who can go to the market, meet clients, and bring in business!

If you love interacting with people, building relationships, and achieving targets — this opportunity is for you.

Position 2: Marketing Executive (1–5 Years Experience)

**What You’ll Do:**  
✅ Field marketing \& business development  
✅ Meet builders, contractors, architects \& industrial clients  
✅ Conduct product presentations  
✅ Generate leads \& close deals  
✅ Achieve monthly sales targets

**What We Offer:**  
✔ Competitive Salary  
✔ Performance Incentives  
✔ Travel Allowance  
✔ PF \& Statutory Benefits  
✔ Product \& Sales Training  
✔ Strong Growth Opportunity

Position 3: MBA Marketing Intern (Final Year)

Final\-Year MBA (Marketing) Students – This is for You!

**Internship Highlights:**  
✔ Paid Stipend  
✔ Real\-Time Field Exposure  
✔ Hands\-on Sales Experience  
✔ Product Training  
✔ Performance\-Based Placement Opportunity

High\-performing interns will be offered a **full\-time Marketing Executive role**.

**Who Should Apply?**

* Vibrant \& outgoing personality
* Excellent communication \& presentation skills
* Target\-driven mindset
* Willingness to work in the field

**Location: Chennai**  
Interested candidates can DM or send resumes to info@veltorasolutions.com

Let’s build business. Let’s build careers.

Job Types: Full\-time, Internship  
Contract length: 3 months

Pay: ₹8,000\.00 \- ₹25,000\.00 per month

Benefits:

* Provident Fund

Work Location: In person",,https://in.indeed.com/cmp/Veltora-Solutions-(opc)-Private-Limited,,,,,,,,,,,,
in-fd2ab002645ff728,indeed,https://in.indeed.com/viewjob?jk=fd2ab002645ff728,http://in.indeed.com/job/admin-real-estate-fd2ab002645ff728,Admin- real estate,First placement division,"HR, IN",2026-02-15,fulltime,,,,,,False,,,,,"Admin Executive – Real Estate  
Location: Sector 30, Gurgaon  
Salary: ₹20,000 – ₹25,000/month  
Experience: 1–3 years

Responsibilities:

Daily office administration \& coordination

Maintain property files, client records \& documents

Handle calls, emails, meetings \& site visit schedules

Support sales team and management

Basic billing, expenses \& MIS

Requirements: Graduate Basic MS Office knowledge Good communication

Job Types: Full\-time, Permanent

Pay: ₹20,000\.00 \- ₹25,000\.00 per month

Work Location: In person",,https://in.indeed.com/cmp/First-Placement-Division,,,,,,,,,,,,
in-6d100feeec31a143,indeed,https://in.indeed.com/viewjob?jk=6d100feeec31a143,http://in.indeed.com/job/ai-model-trainer-6d100feeec31a143,AI Model Trainer,Awign,"KA, IN",2026-02-15,"parttime, fulltime, volunteer, internship",,,,,,False,,,,,"**Job Title:** AI Data Collection Associate (Video Tasks)

**Company:** Awign

**Job Type:** Full\-Time / Contract (Location\-Based)

**Job Overview:**  
Awign is seeking individuals to participate in an AI training initiative by performing and recording simple everyday household tasks at assigned locations. This role contributes to the development and improvement of AI models through structured video data collection.

**Key Responsibilities:**

* Visit assigned work locations near your PIN code
* Perform simple, routine household activities as instructed
* Record task videos following provided guidelines and quality standards
* Ensure timely completion and submission of assigned tasks
* Maintain compliance with project instructions and data requirements

**Eligibility Criteria:**

* Ability to follow instructions carefully
* Basic understanding of smartphone video recording
* Willingness to work on\-site at assigned locations
* Reliable and punctual work ethic

**Work Schedule:**

* 8 hours per day
* 6 days per week

**Compensation \& Benefits:**

* Earnings up to ₹30,000 per month (performance\-based)
* Internship Certificate provided after 3 months of successful participation
* High performers may be considered for permanent employment opportunities

**Work Location:**  
Location\-based assignments provided near the candidate’s current PIN code.

**How to Apply:**  
Candidates can apply by completing the application form given below via the provided QR code or by contacting: Rishi \- 8908536788

https://forms.gle/wjk4Kjm8qJsExf547

OR VIsit Office for Walk in Drive : 16th and 17th February, 2026\. Office Location \-

Awign Enterprises , 3rd \& 4th Floor, 1502, HustleHub, H1904, 19th Main Rd, 1st Sector, HSR Layout, Bengaluru, Karnataka 560102

Job Types: Full\-time, Part\-time, Fresher, Internship, Contractual / Temporary, Freelance, Volunteer  
Contract length: 3 months

Pay: ₹20,000\.00 \- ₹35,000\.00 per month

Expected hours: 50 per week

Benefits:

* Flexible schedule

Work Location: In person",,https://in.indeed.com/cmp/Awign,https://d2q79iu7y748jz.cloudfront.net/s/_squarelogo/256x256/7b85a9f1cba918e8c4a6ea8db5878981,,,,,,,,,,,
in-fd0bceffe3394bb7,indeed,https://in.indeed.com/viewjob?jk=fd0bceffe3394bb7,http://in.indeed.com/job/video-editing-intern-fd0bceffe3394bb7,Video Editing Intern,Broxer Technologies Private Limited,"Remote, IN",2026-02-15,"fulltime, internship",,,,,,True,,,,,"**!!! IMPORTANT – Please Read Before Applying !!!**

To ensure mutual alignment and commitment, we kindly request that applicants **apply only if they are comfortable with the following conditions**:

* We are specifically looking for interns/candidates who are looking for full\-time \& long\-term opportunities. If your background is primarily in freelancing or part\-time roles, we respectfully ask that you refrain from applying.
* **Time tracking software** will be used to monitor productivity and work hours. Please proceed only if you are comfortable working with third\-party time tracking \& monitoring tools.
* The role involves a **6\-day work week**, with working hours **flexible and customizable** to your convenience (45 to 50 hours per week).
* We are specifically seeking candidates who are **available for at least 6 months (or more)**.
* Candidates who move forward in the hiring process will be required to participate in a **video interview** as part of our evaluation. If you are not comfortable with video interviews, we respectfully request that you **do not apply** for this role.

We appreciate your understanding.

\-\-\-\-\-\-\-\-\-\-\-\-\-\-\-\-\-\-\-\-\-\-\-\-\-\-\-\-\-\-\-\-\-\-\-\-\-\-\-\-\-\-\-\-

**About the Hiring Company**

Our client is a dynamic and rapidly growing Digital Marketing \& Development Agency offering services across website design, development, SEO, content marketing, social media, and paid campaigns. They are results\-driven, innovative, and work with clients across industries and geographies.

They are now looking to onboard a **Video Editing Intern** who is creative, disciplined, and eager to gain hands\-on experience working on real client projects.

\-\-\-\-\-\-\-\-\-\-\-\-\-\-\-\-\-\-\-\-\-\-\-\-\-\-\-\-\-\-\-\-\-\-\-\-\-\-\-\-\-\-\-\-

**Role Overview**

The **Video Editing Intern** will be responsible for creating engaging, high\-quality videos from raw footage, videography, screen recordings, and stock assets.

The role involves working on **both short\-form and long\-form content**, with video durations ranging from **under 60 seconds to 10–15 minutes**. However, the **majority of deliverables will be short\-to\-mid\-length videos (under 3–4 minutes)**, especially for marketing and advertising purposes.

This opportunity is ideal for **freshers or recent graduates** who already have basic editing skills and want to sharpen them in a professional agency environment.

\-\-\-\-\-\-\-\-\-\-\-\-\-\-\-\-\-\-\-\-\-\-\-\-\-\-\-\-\-\-\-\-\-\-\-\-\-\-\-\-\-\-\-\-

**Key Responsibilities**

* **Video Editing \& Assembly:**

Edit videos from raw footage, videography, screen recordings, and stock clips.

* **Ad \& Marketing Videos:**

Create engaging video creatives for **Google Ads and Meta Ads (Facebook \& Instagram)**.

* **Short\-Form \& Long\-Form Content:**

Work on videos ranging from quick promotional clips to in\-depth content up to 10–15 minutes.

* **Multi\-Niche Projects:**

Edit videos for industries such as **Medical \& Healthcare, Doctors \& Clinics, Technology, SAAS, Digital Marketing, Business, and Service\-Based Brands**.

* **Visual Enhancements:**

Add transitions, text overlays, captions, background music, sound effects, and basic motion graphics where required.

* **Platform Optimization:**

Optimize videos for different platforms, including social media, websites, and paid advertising formats.

* **Quality Control:**

Ensure videos meet brand guidelines, technical specifications, and delivery timelines.

\-\-\-\-\-\-\-\-\-\-\-\-\-\-\-\-\-\-\-\-\-\-\-\-\-\-\-\-\-\-\-\-\-\-\-\-\-\-\-\-\-\-\-\-

**Requirements**

* **Fresher\-Friendly Role:**

Open to college students, freshers, or recent graduates with hands\-on video editing experience.

* **Editing Tools:**

Working knowledge of tools such as **Adobe Premiere Pro, After Effects (basic), CapCut, DaVinci Resolve, or similar software**.

* **Creative Sense:**

Strong understanding of pacing, storytelling, hooks, and viewer retention \- especially for short\-form videos.

* **Raw Footage Handling:**

Ability to convert unedited footage into structured, engaging content.

* **Feedback\-Oriented Mindset:**

Willingness to iterate quickly and improve based on reviews and performance feedback.

* **Time Commitment:**

Ability to commit **45–50 hours per week** in a 6\-day work structure.

* **Attention to Detail:**

Precision in cuts, audio levels, captions, formatting, and final exports.

\-\-\-\-\-\-\-\-\-\-\-\-\-\-\-\-\-\-\-\-\-\-\-\-\-\-\-\-\-\-\-\-\-\-\-\-\-\-\-\-\-\-\-\-

**What’s in it for You**

* **Live Client Exposure:**

Work on real campaigns instead of practice or dummy projects.

* **Strong Portfolio Building:**

Build a diverse portfolio across multiple industries and content formats.

* **Advertising \& Brand Experience:**

Learn how video content is created for performance marketing and brand communication.

* **Professional Mentorship:**

Learn structured workflows, feedback loops, and agency\-level execution.

* **Career Advancement:**

High\-performing interns may be considered for a **full\-time role** within the agency.

\-\-\-\-\-\-\-\-\-\-\-\-\-\-\-\-\-\-\-\-\-\-\-\-\-\-\-\-\-\-\-\-\-\-\-\-\-\-\-\-\-\-\-\-

**How to Apply**

Interested candidates should share:

* **Resume**
* **Video Editing Portfolio or Work Samples** (Drive / YouTube / Instagram / Behance links)

Job Types: Full\-time, Fresher, Internship  
Contract length: 6 months

Pay: ₹12,000\.00 \- ₹18,000\.00 per month

Benefits:

* Flexible schedule
* Work from home

Experience:

* Apple Final Cut Pro: 1 year (Preferred)
* CapCut: 1 year (Preferred)
* Social Media Content Creation: 1 year (Preferred)
* Advertising Content Creation: 1 year (Preferred)
* Video editing: 1 year (Required)
* Adobe Premiere Pro: 1 year (Preferred)
* DaVinci Resolve: 1 year (Preferred)

Work Location: Remote",,https://in.indeed.com/cmp/Broxer-Technologies-Private-Limited,,,,,,,,,,,,
in-89b92402728fbe0a,indeed,https://in.indeed.com/viewjob?jk=89b92402728fbe0a,http://in.indeed.com/job/student-counselor-89b92402728fbe0a,Student Counselor,Mentors Forum,"OR, IN",2026-02-15,fulltime,,,,,,True,,,,,"**Job Summary**

* Guiding the prospective students in choosing the preparatory program
* Helping the existing students during the different phases of classroom delivery of their chosen program
* Managing centre operations

**Responsibilities and Duties**

* Handle walk‑in, phone, and online enquiries; explain MBA/Law/other UG entrance exams (CAT, CLAT, IPMAT, CUET etc.), program offerings, fees, and schedules.
* Counsel students and parents on course/stream selection based on academic background, aptitude, and career goals.
* Follow up on leads through outbound calls, messages, and emails to convert enquiries into enrollments.
* Guide enrolled students on class schedules, study plans; coordinate with faculty for doubt‑clearing needs
* Maintain enquiry and admission records through the ERP.
* Managing Online/Virtual classes

**Key Skills**  
Should possess good communication skills

Should have good knowledge of MS Office and online marketing

**Required Experience and Qualifications**

* Graduate in any discipline
* Freshers may also apply

Industry:

* Education \& Instruction

Work Remotely

* No

Job Type: Full\-time

Pay: ₹150,000\.00 \- ₹200,000\.00 per year

Application Question(s):

* The working shift will start from 11:30 AM and ends at 8:30 PM. Will you be comfortable with the shift timings?
* Sundays are working days. You'll get a weekday off or comp off as compensation. Will that work for you?

Education:

* Bachelor's (Required)

Experience:

* Inside sales: 1 year (Required)

Work Location: In person",,https://in.indeed.com/cmp/Mentors-Forum,,,,,,,,,,,,
in-1f9683070380b2b3,indeed,https://in.indeed.com/viewjob?jk=1f9683070380b2b3,http://in.indeed.com/job/data-entry-operatorcomputer-operator-1f9683070380b2b3,Data Entry Operator/Computer Operator,N J ENTERPRISE,"GJ, IN",2026-02-15,fulltime,,,,,,False,,,,,"* Basic knowledge of computers and office software (MS Word, Excel)
* Good typing speed and accuracy
* Strong attention to detail
* Ability to meet deadlines
* Basic knowledge of data management
* Good communication skills

Job Types: Full\-time, Permanent, Fresher

Pay: ₹15,000\.00 \- ₹18,000\.00 per month

Work Location: In person",,https://in.indeed.com/cmp/N-J-Enterprise,,,,,,,,,,,,
in-63f5bab9996610e6,indeed,https://in.indeed.com/viewjob?jk=63f5bab9996610e6,http://in.indeed.com/job/mechanical-helper-63f5bab9996610e6,Mechanical Helper,DPD heavy fan india private limited,"TN, IN",2026-02-15,fulltime,,,,,,False,,,,,"Mechanical Engineer good experience

Job Type: Full\-time

Work Location: In person",,https://in.indeed.com/cmp/Dpd-Heavy-Fan-India-Private-Limited,,,,,,,,,,,,
in-b96e239c786a425e,indeed,https://in.indeed.com/viewjob?jk=b96e239c786a425e,http://in.indeed.com/job/sales-representative-b96e239c786a425e,Sales Representative,,"GJ, IN",2026-02-15,fulltime,,,,,,False,,,,syncdds@gmail.com,"WE ARE HIRING  
Sales \& Marketing Executive  
(Dental Industry)  
At SYNC Digital Dental Solution  
Premium Digital Dental Laboratory  
We Are Looking For Someone Who Can:  
✔ Generate new business from dental clinics  
✔ Maintain strong doctor relationships  
✔ Handle product coordination \& delivery  
✔ Promote Crown \& Bridge, Zirconia, DMLS, Implant Prosthetics, Aligners \& Dentures  
✔ Represent our brand professionally  
✔ Achieve monthly sales targets  
Requirements:

* Experience in dental / medical sales preferred
* Excellent communication skills
* Target\-oriented \& self\-driven
* Two\-wheeler mandatory
* Knowledge of dental lab workflow is an advantage

What We Offer:  
✨ Attractive Salary \+ Incentives  
✨ Growth in a Premi

Premium Digital Brand  
✨ Professional Work Environment  
Apply Now \& Grow With Us

Contact: 972 6789012  
Mail : syncdds@gmail.com

Job Types: Full\-time, Fresher

Pay: ₹12,000\.00 \- ₹18,000\.00 per month

Work Location: In person",,https://in.indeed.comNone,,,,,,,,,,,,
in-dc5e36574808244e,indeed,https://in.indeed.com/viewjob?jk=dc5e36574808244e,http://in.indeed.com/job/call-centre-agent-dc5e36574808244e,Call Centre Agent,Webel IT Park,"Shiliguri, WB, IN",2026-02-15,fulltime,,,,,,False,,,,,"**VERIFIED JOB ALERT !!!**

**ACTIVELY HIRING ELIGIBLE CANDIDATES**

***Looking for Telecalling / BPO Jobs?***

Well here's an opportunity for the interested candidates, as we're actively hiring both Freshers \& Experienced (both male \& female).

***No hidden charges.***

***No registration fees.***

***No sort of payments required.***

Just come for the interview when scheduled. If selected, join from the next day. Simple process.

**Eligibility criteria:**

* English Fluency is must
* 10\+2 (or equivalent)

If anyone is interested, feel free to contact.

Contact info: \+91 7602526535

""For any reason, if you don't get me on call, just drop a message and I'll get back to you later.""

Job Type: Full\-time

Pay: ₹10,000\.00 \- ₹20,000\.00 per month

Work Location: In person",,https://in.indeed.com/cmp/Webel-IT-Park,,,,,,,,,,,,
in-929659a0cbf7e931,indeed,https://in.indeed.com/viewjob?jk=929659a0cbf7e931,http://in.indeed.com/job/fabricatorwelder-929659a0cbf7e931,Fabricator/Welder,DPD heavy fan india private limited,"TN, IN",2026-02-15,,,,,,,False,,,,,"Fabrication\& Erection fitter experience

Job Type: Permanent

Pay: ₹12,000\.00 \- ₹31,745\.09 per month

Work Location: In person",,https://in.indeed.com/cmp/Dpd-Heavy-Fan-India-Private-Limited,,,,,,,,,,,,
in-9a1192dc5afaeb50,indeed,https://in.indeed.com/viewjob?jk=9a1192dc5afaeb50,http://in.indeed.com/job/graphic-designer-9a1192dc5afaeb50,Graphic Designer,Web Maestro Technologies,"KL, IN",2026-02-15,fulltime,,,,,,False,,,,careers@webmaestro.in,"**Job Description:**

We are looking for a creative and enthusiastic **Junior Graphic Designer** to join our team in Kochi. The ideal candidate should have a good design sense, basic industry experience, and a passion for visual storytelling.

You will be responsible for creating engaging designs for digital and print platforms while working closely with our marketing and creative teams.

**Key Responsibilities:**

* Design creatives for social media, websites, ads, and marketing campaigns
* Create posters, banners, brochures, and other promotional materials
* Edit and enhance images and graphics as required
* Work with the marketing team to understand design requirements
* Maintain brand consistency across all designs
* Handle multiple projects and meet deadlines

**Requirements:**

* 6 months to 1 year of experience in graphic design
* Proficiency in Adobe Photoshop, Illustrator, and InDesign (or similar tools)
* Basic knowledge of branding and layout design
* Good creativity and attention to detail
* Ability to take feedback and improve designs
* Strong time\-management skills

**Preferred Skills (Optional):**

* Knowledge of Canva, Figma, or video editing tools
* Basic understanding of social media marketing
* Motion graphics skills (a plus)

**What We Offer:**

* Friendly and creative work environment
* Opportunity to grow and learn
* Competitive salary based on experience
* Hands\-on experience with real projects

**How to Apply:**  
Interested candidates can send their resume and portfolio to **careers@webmaestro.in** or apply directly on Indeed.

Job Types: Full\-time, Permanent, Fresher

Pay: ₹14,000\.00 \- ₹18,000\.00 per month

Benefits:

* Paid sick time

Ability to commute/relocate:

* Kochi, Kerala: Reliably commute or planning to relocate before starting work (Required)

Experience:

* total work: 1 year (Preferred)

Work Location: In person",,https://in.indeed.com/cmp/Web-Maestro-Technologies,,,,,,,,,,,,
in-7f04fa64c088496e,indeed,https://in.indeed.com/viewjob?jk=7f04fa64c088496e,http://in.indeed.com/job/msw-social-worker-male-7f04fa64c088496e,MSW Social Worker Male,Keerthi Foundation,"Guduvancheri, TN, IN",2026-02-15,"fulltime, internship",,,,,,False,,,,,"MSW MEDICAL \& PSYCHIATRIC Social Worker cum Deaddiction Counselor, job is a specialized form of psychotherapy aimed at helping individuals overcome their addiction to substances (such as drugs or alcohol) or addictive behaviors (like gambling or overeating). This type of counseling focuses on addressing the physical, psychological, and social aspects of addiction, helping individuals understand the underlying causes of their substance or behavioral dependencies, develop coping strategies, and work toward achieving and maintaining sobriety or abstinence. The ultimate goal is to support individuals in their journey towards recovery and a healthier, substance\-free life.

Job Types: Full\-time, Permanent, Fresher, Internship

Pay: ₹10,000\.00 \- ₹15,000\.00 per month

Benefits:

* Food provided

Work Location: In person",,https://in.indeed.com/cmp/Keerthi-Foundation-1,,,,,,,,,,,,
in-0ed83af105648ac1,indeed,https://in.indeed.com/viewjob?jk=0ed83af105648ac1,http://in.indeed.com/job/academic-sales-executive-0ed83af105648ac1,academic sales executive,YELORIA GLOBAL EDUCATION HUB,"KL, IN",2026-02-15,fulltime,,,,,,False,,,,,"**Sales Executive – Yeloria Global Education Hub**

**Kozhikode, Kerala \| Full\-time**

**About the Company**

**Yeloria Global Education Hub** is a fast\-growing international education and skill development company that empowers students to achieve global career success.  
Our key divisions include **Study Abroad**, **Skillovia (AI \& Skill Training)**, and **SPARK (Career \& Psychometric Testing)**.

**Position Overview**

We are looking for a **Sales Executive** who can drive student enrolments, convert leads into admissions, and build lasting client relationships.  
This role involves proactive communication, follow\-ups, and closing sales for our **Study Abroad** and **Skill Development** programs.

Ideal for professionals passionate about education, customer success, and achieving measurable sales results.

**Key Responsibilities**

* Manage and convert incoming leads from calls, WhatsApp, emails, and walk\-ins.
* Conduct sales presentations and counselling sessions for **Study Abroad**, **Skillovia**s.
* Meet monthly and quarterly **enrolment and revenue targets**.
* Maintain CRM records and ensure timely follow\-ups for lead conversion.
* Collaborate with the marketing team for lead generation campaigns, seminars, and webinars.
* Assist with pre\-admission and post\-admission communication to ensure client satisfaction.
* Build strong relationships with students, parents, and institutional partners.

**Requirements**

* **Education:** Bachelor’s degree in any discipline.
* **Experience:** 1–3 years in **sales**, **education consulting**, or **customer service** (preferred).
* **Languages:** English and Malayalam (mandatory).
* Excellent communication, negotiation, and interpersonal skills.
* Goal\-oriented mindset with a proven ability to close deals and meet targets.
* Familiarity with CRM tools and lead management systems.

**Why Join Yeloria?**

* Opportunity to work in a fast\-growing education brand.
* Competitive salary with attractive **performance incentives**.
* Career growth in a global and innovative work environment.

Job Types: Full\-time, Permanent

Pay: ₹18,000\.00 \- ₹25,000\.00 per month

Benefits:

* Paid sick time
* Paid time off

Experience:

* Direct sales: 3 years (Preferred)

Language:

* Malayalam (Required)
* english (Preferred)

Work Location: In person",,https://in.indeed.com/cmp/Yeloria-Global-Education-Hub,,,,,,,,,,,,
in-70d1db00f2c41d8d,indeed,https://in.indeed.com/viewjob?jk=70d1db00f2c41d8d,http://in.indeed.com/job/bca-fresher-70d1db00f2c41d8d,BCA Fresher,Ad2Pro Media Solutions Pvt Ltd,"TN, IN",2026-02-15,fulltime,,,,,,False,,,,,"* Understanding of HTML, CSS, JavaScript (for web roles)
* Basic knowledge of databases (MySQL, SQL Server)
* Familiarity with MS Office tools
* Good analytical and problem\-solving skills
* Strong communication and teamwork skills

Job Types: Full\-time, Permanent, Fresher

Pay: ₹8,086\.00 \- ₹32,655\.91 per month

Benefits:

* Health insurance
* Provident Fund

Work Location: In person",,https://in.indeed.com/cmp/Ad2pro-Media-Solutions-Pvt-Ltd-1,,,,,,,,,,,,
in-896b86fef5610735,indeed,https://in.indeed.com/viewjob?jk=896b86fef5610735,http://in.indeed.com/job/quality-896b86fef5610735,Quality,Leon Placement Service LLP,"TN, IN",2026-02-15,fulltime,,,,,,False,,,,,"Position: Quality  
Qualification: Diploma, ITI, Arts, B.E, B.Tech  
Every 6 months retational bonus of Rs. 5000  
Age limit: Upto 25  
Gender: Only Male Candidate

**Quality Assurance Specialist Responsibilities:**

* Preparing and implementing quality assurance policies and procedures.
* Performing routine inspections and quality tests.
* Identifying and resolving workflow and production issues.
* Ensuring that standards and safety regulations are observed.
* Addressing and discussing issues and proposed solutions with superiors.
* Documenting quality assurance activities and creating audit reports.
* Making recommendations for improvement.
* Creating training materials and operating manuals.

Job Types: Full\-time, Permanent, Fresher

Pay: ₹17,600\.00 \- ₹19,800\.00 per month

Benefits:

* Food provided
* Provident Fund

Work Location: In person",,https://in.indeed.com/cmp/Leon-Placement-Service-LLP,,,,,,,,,,,,
in-4175a1ab754ff0d1,indeed,https://in.indeed.com/viewjob?jk=4175a1ab754ff0d1,http://in.indeed.com/job/paediatric-physiotherapist-4175a1ab754ff0d1,Paediatric Physiotherapist,Bright Future Pediatric Therapy centre,"KA, IN",2026-02-15,fulltime,,,,,,False,,,,,"Vacancy for Pediatriac Physiotherapist in multispeciality Pediatric Centre

Assess children with developmental, neurological, orthopedic, or genetic conditions.

* Monitoring the progress of patients and adjusting or changing treatments as needed
* Involving the families and caregivers of patients in their treatment programmes and the delivery of care
* Updating and maintaining accurate patient case notes and reports
* Staying up to date regarding new physiotherapy technologies and technique
* Initiating and participating in evidence\-based projects to improve the quality of patient care

Job Type: Full\-time

Pay: ₹22,000\.00 \- ₹35,000\.00 per month

Education:

* Bachelor's (Preferred)

Work Location: In person",,https://in.indeed.com/cmp/Bright-Future-Pediatric-Therapy-Centre,,,,,,,,,,,,
in-aefc1ef95d81536f,indeed,https://in.indeed.com/viewjob?jk=aefc1ef95d81536f,http://in.indeed.com/job/phlebotomist-aefc1ef95d81536f,Phlebotomist,,"WB, IN",2026-02-15,parttime,,,,,,False,,,,,"URGENTLY NEED Phlebotomist at our lab at BT Road, Ghosh para near Sintheemore, Kolkata

Certified Phlebotomist with 1 year or more experience. Work in 3 hrs to 6 hrs slot.

Job Type: Part\-time

Pay: ₹5,000\.00 \- ₹6,000\.00 per month

Expected hours: 18 – 36 per week

Benefits:

* Flexible schedule
* Paid time off

Work Location: In person",,https://in.indeed.comNone,,,,,,,,,,,,
in-8ec3dce60926d085,indeed,https://in.indeed.com/viewjob?jk=8ec3dce60926d085,http://in.indeed.com/job/pgt-chemistry-teacher-8ec3dce60926d085,PGT chemistry teacher,RG'S ASPIRE EDUCATIONS,"AS, IN",2026-02-15,parttime,,,,,,False,,,,,"We are seeking a dedicated and knowledgeable Chemistry Teacher to teach Classes XI and XII (CBSE/State Board). The ideal candidate should have strong subject expertise, excellent communication skills, and the ability to prepare students for Board as well as competitive examinations. **Eligibility Criteria:** Postgraduate (M.Sc.) in Chemistry OR Bachelor’s Degree (B.Sc.) in Chemistry **Prior teaching experience (1–3 years preferred, freshers with strong subject knowledge may also apply)** **Key Responsibilities:** Teach Chemistry to Classes XI \& XII as per prescribed syllabus. Prepare lesson plans, assignments, and question papers. Conduct regular assessments and provide performance feedback.

Job Type: Part\-time

Pay: ₹8,000\.00 \- ₹10,000\.00 per month

Benefits:

* Paid sick time

Work Location: In person",,https://in.indeed.com/cmp/Rg's-Aspire-Educations,,,,,,,,,,,,
in-0fd6e79e837e50d5,indeed,https://in.indeed.com/viewjob?jk=0fd6e79e837e50d5,http://in.indeed.com/job/maintenance-0fd6e79e837e50d5,Maintenance,Leon Placement Service LLP,"TN, IN",2026-02-15,fulltime,,,,,,False,,,,,"Position: Maintenance  
Qualification: Diploma, ITI, Arts, B.E and B.Tech  
Gender: Male  
Every 6 months retention Bonus Rs.5000  
Hostel Facilities available  
Age Limit: upto 25  
Shift: 3 Rotational Shifts  
Company: Tyre Manufacturing Company  
Immediate Joiner Preferred  
**Maintenance Worker Responsibilities:**

* Conducting routine inspections of premises and equipment.
* Performing preventative maintenance.
* Handling basic repairs and maintenance.
* Overseeing contractors when professional repairs are necessary.
* Diagnosing mechanical issues and correcting them.
* Repairing machines, equipment, or structures as necessary.

Job Types: Full\-time, Permanent

Pay: ₹17,600\.00 \- ₹19,800\.00 per month

Benefits:

* Food provided
* Provident Fund

Work Location: In person",,https://in.indeed.com/cmp/Leon-Placement-Service-LLP,,,,,,,,,,,,
in-e0cbaa1c9bac7016,indeed,https://in.indeed.com/viewjob?jk=e0cbaa1c9bac7016,http://in.indeed.com/job/data-entry-clerk-e0cbaa1c9bac7016,Data entry clerk,Eriez magnetics india pvt ltd,"TN, IN",2026-02-15,fulltime,,,,,,False,,,,,"Data Entry Clerk accurately inputs, updates, and manages information in company databases and systems, converting physical documents to digital formats, verifying data for accuracy, and maintaining organized digital/physical files, ensuring data integrity and confidentiality for smooth business operations. Key duties involve typing, scanning, sorting, correcting errors, running backups, and retrieving data as requested, requiring strong attention to detail, speed, and organizational skills. Key Responsibilities: Data Input \& Management: Transferring data from paper/other sources into databases, spreadsheets, and systems. Verification \& Accuracy: Checking for errors, discrepancies, and completeness, correcting mistakes, and cross\-referencing information. Organization: Sorting, organizing, and maintaining both digital and physical files for easy retrieval. Data Retrieval: Accessing and providing requested information from databases to other employees or clients. Data Security: Performing regular backups to protect against data loss and ensuring confidentiality. Reporting: Generating basic reports from database information.

Job Types: Full\-time, Fresher

Pay: ₹17,526\.51 \- ₹35,973\.99 per month

Benefits:

* Commuter assistance
* Flexible schedule
* Internet reimbursement
* Leave encashment

Language:

* Tamil (Preferred)

Work Location: In person",,https://in.indeed.com/cmp/Eriez-Magnetics-India-Pvt-Ltd,,,,,,,,,,,,
in-01e1599b7a395aca,indeed,https://in.indeed.com/viewjob?jk=01e1599b7a395aca,http://in.indeed.com/job/data-entry-executive-01e1599b7a395aca,Data Entry Executive,Hatheli Lifestyle,"RJ, IN",2026-02-15,fulltime,,,,,,False,,,,,"Key Responsibilities

* Enter data into spreadsheets.
* Verify data by comparing it with source documents.
* Update and maintain records on a regular basis.
* Review data for errors or inconsistencies and correct them.
* Prepare and organize physical and digital documents.
* Generate basic reports when required.
* Maintain confidentiality and data security at all times.
* Coordinate with other departments to collect required information.

Required Skills \& Qualifications

* Minimum qualification: Graduate (as required).
* Proven experience as a Data Entry Operator or similar role preferred.
* Good typing speed and accuracy.
* Basic knowledge of MS Excel, MS Word, and email.
* Attention to detail and ability to work with large volumes of data.
* Basic understanding of computers and office systems.
* Ability to meet deadlines and manage time effectively.

Job Type: Full\-time

Pay: ₹10,000\.00 \- ₹15,000\.00 per month

Work Location: In person",,https://in.indeed.com/cmp/Hatheli-Lifestyle,,,,,,,,,,,,
in-7c0976415c302f1b,indeed,https://in.indeed.com/viewjob?jk=7c0976415c302f1b,http://in.indeed.com/job/powder-coating-supervisor-7c0976415c302f1b,Powder Coating Supervisor,Sagar Springs Private Limited,"Halol, GJ, IN",2026-02-15,fulltime,,,,,,False,,,,,"**Powder Coating Supervisor**

**Location:** Halol GIDC  
**Employment Type:** Full\-Time \| Permanent

We are looking for an experienced **Powder Coating Supervisor** to join our manufacturing team. If you have strong knowledge of powder coating operations and quality control, this opportunity is for you!

Required Skills \& Experience:

* 2–5 years of experience in Powder Coating (Automotive / Metal Manufacturing preferred)
* Strong knowledge of powder coating process, surface preparation \& curing
* Experience in coating thickness \& finish quality checks
* Ability to identify and correct coating defects
* Good understanding of safety procedures
* Team player with focus on quality \& productivity

**Education:**

* ITI / Diploma in Mechanical / Painting / Coating
* Technical training in Powder Coating (Preferred)

Salary: 35,000 – 55,000 per month (Based on Experience)

**Apply Now:** 7041105441

Immediate joiners preferred

Job Types: Full\-time, Permanent

Pay: ₹25,000\.00 \- ₹50,000\.00 per month

Benefits:

* Health insurance
* Paid sick time
* Provident Fund

Work Location: In person",,https://in.indeed.com/cmp/Sagar-Springs-Private-Limited,,,,,,,,,,,,
in-c00e3b0a515608bc,indeed,https://in.indeed.com/viewjob?jk=c00e3b0a515608bc,http://in.indeed.com/job/customer-account-representative-c00e3b0a515608bc,Customer Account Representative,Thinksemmi Infotech Pvt Ltd,"TN, IN",2026-02-15,fulltime,,,,,,False,,,,,"Customer Account Representative manages client relationships, serving as the primary contact to resolve issues, process orders, and drive retention. They handle both voice and non\-voice, or blended, processes, requiring strong communication, CRM familiarity, and proactive service. Key Responsibilities Client Communication: Maintaining contact, resolving inquiries, and ensuring satisfaction. Account Management: Managing client records, contracts, and renewals. Sales Support: Upselling products/services and identifying new opportunities. Administrative Tasks: Processing invoices and updating CRM databases.

Job Types: Full\-time, Fresher

Pay: ₹11,977\.99 \- ₹26,632\.35 per month

Benefits:

* Commuter assistance
* Flexible schedule
* Internet reimbursement
* Paid sick time
* Paid time off

Language:

* Tamil (Preferred)

Work Location: In person",,https://in.indeed.com/cmp/Thinksemmi-Infotech-Pvt-Ltd,,,,,,,,,,,,
in-00f5463ef7e6af57,indeed,https://in.indeed.com/viewjob?jk=00f5463ef7e6af57,http://in.indeed.com/job/sanitary-inspector-00f5463ef7e6af57,sanitary inspector,Iswarya Health Pvt Ltd,"Sivakasi, TN, IN",2026-02-15,fulltime,,,,,,False,,,,,"***Sanitary inspector related and hospital administration position job***

Job Type: Full\-time

Pay: ₹8,086\.00 \- ₹55,235\.25 per month

Work Location: In person",,https://in.indeed.com/cmp/Iswarya-Health-Pvt-Ltd,,,,,,,,,,,,
in-e0ac57de67a5aa66,indeed,https://in.indeed.com/viewjob?jk=e0ac57de67a5aa66,http://in.indeed.com/job/receptionist-e0ac57de67a5aa66,Receptionist,Palal toyota,"Alleppey, KL, IN",2026-02-15,fulltime,,,,,,False,,,,,"Looking front office staff freshers can apply

Job Type: Full\-time

Pay: ₹10,000\.00 \- ₹130,000\.00 per month

Benefits:

* Health insurance
* Provident Fund

Work Location: In person",,https://in.indeed.com/cmp/Palal-Toyota,,,,,,,,,,,,
in-187f60b7f85f10e1,indeed,https://in.indeed.com/viewjob?jk=187f60b7f85f10e1,http://in.indeed.com/job/sales-executive-sales-187f60b7f85f10e1,Sales Executive - Sales,Une Holidays,"KL, IN",2026-02-15,fulltime,,,,,,True,,,,,"\*Sales Executive\*

We're looking for a motivated Sales Executive to join our team! As a Sales Executive, you'll drive business growth by identifying new opportunities, building relationships, and closing deals.

\*Responsibilities:\*

\- Identify and pursue new sales leads

\- Build relationships with clients and prospects

\- Pitch products/services to potential customers

\- Meet sales targets and goals

\- Collaborate with the team to achieve results

\*Requirements:\*

\- 2\+ years of sales experience

\- Excellent communication and negotiation skills

\- Strong networking and relationship\-building skills

\- Goal\-oriented and results\-driven

\- Relevant industry experience a plus

\- Freshers can s as also apply

If you're a driven sales pro, let's start the journey with us!!!

Job Types: Full\-time, Permanent, Fresher

Pay: ₹15,000\.00 \- ₹30,000\.00 per month

Work Location: Hybrid remote in Edapally, Kochi, Kerala",,https://in.indeed.com/cmp/Une-Holidays,,,,,,,,,,,,
in-b6c9556929aab4d7,indeed,https://in.indeed.com/viewjob?jk=b6c9556929aab4d7,http://in.indeed.com/job/anchor-b6c9556929aab4d7,Anchor,Keralian Wellness,"WB, IN",2026-02-15,"parttime, volunteer, internship",,,,,,False,,,,,"I need a female anchor to take clients' feedback in front of camera, on a event at Saltlake Sector V. Should be able to speak Hindi \& English, Fresher Welcome.

Date \- 22 February 2026 (Sunday)

Time \- 7:00 am to 9:00 am

Venue \- Saltlake Sector V, Kolkata

Job Types: Part\-time, Fresher, Internship, Contractual / Temporary, Freelance, Volunteer  
Contract length: 1 day

Pay: ₹500\.00 \- ₹1,000\.00 per month

Work Location: On the road",,https://in.indeed.com/cmp/Keralian-Wellness,,,,,,,,,,,,
in-b0154b41620c6fe5,indeed,https://in.indeed.com/viewjob?jk=b0154b41620c6fe5,http://in.indeed.com/job/telesales-agent-b0154b41620c6fe5,Telesales Agent,,"MH, IN",2026-02-15,fulltime,,,,,,False,,,,,"URGENT HIRING: TELESALES DRIVE

Role: Telesales Executive

Salary: Upto ₹18,000 In\-hand \+ High Incentives

Education: 10th Pass / 12th Pass

Experience: Min. 6 Months in Telesales or Collections (Mandatory)

Job Details:

Shift: 10:00 AM to 7:00 PM (Day Shift)

Working Days: 6 Days working

Offs: 1 Rotational Week\-off (Mon–Fri)

Location: Dosti Pinnacle, Wagle Estate, Thane (W)

7977679710, 9004962019

Job Types: Full\-time, Permanent, Fresher

Pay: ₹18,000\.00 \- ₹22,000\.00 per month

Work Location: In person",,https://in.indeed.comNone,,,,,,,,,,,,
in-e59f2118bc63f4dc,indeed,https://in.indeed.com/viewjob?jk=e59f2118bc63f4dc,http://in.indeed.com/job/tailor-e59f2118bc63f4dc,Tailor,IZHA FABRICS & DESIGNING,"KL, IN",2026-02-15,parttime,,,,,,False,,,,,"**Tailor (Piece\-Rate Basis)**

**Job Summary:**  
We are looking for a skilled Tailor to join our team. The tailor will be responsible for stitching garments according to given measurements and designs. Salary will be provided on a piece\-work basis.

**Key Responsibilities:**

* Stitch garments as per measurements and design specifications
* Alter and repair clothing when required
* Ensure high\-quality finishing and neat stitching
* Meet daily/weekly production targets
* Maintain cleanliness and care of sewing machines and tools

**Requirements:**

* Proven experience as a tailor
* Knowledge of different fabrics and stitching techniques
* Ability to work efficiently and meet deadlines
* Attention to detail and quality

Job Type: Part\-time

Pay: ₹10,314\.05 \- ₹27,418\.20 per month

Benefits:

* Flexible schedule
* Food provided

Work Location: In person",,https://in.indeed.com/cmp/Izha-Fabrics-&-Designing,,,,,,,,,,,,
in-c58e61210c4776f9,indeed,https://in.indeed.com/viewjob?jk=c58e61210c4776f9,http://in.indeed.com/job/night-security-guard-c58e61210c4776f9,Night Security Guard,DEOGHAR children hospital and Deoghar eye hospital,"Deoghar, JH, IN",2026-02-15,fulltime,,,,,,False,,,,,"Night security guard age less than 40 years

Job Type: Full\-time

Pay: ₹8,000\.00 \- ₹17,149\.02 per month

Education:

* Secondary(10th Pass) (Preferred)

Work Location: In person",,https://in.indeed.com/cmp/Deoghar-Children-Hospital-and-Deoghar-Eye-Hospital,,,,,,,,,,,,
in-1c9f81f9922788db,indeed,https://in.indeed.com/viewjob?jk=1c9f81f9922788db,http://in.indeed.com/job/video-editor-1c9f81f9922788db,Video Editor,Drishyam Studio,"Panchkula, HR, IN",2026-02-15,fulltime,,,,,,True,,,,,"**Freelance → Full\-Time Opportunity \| Remote / Hybrid**

We are expanding our post\-production team and looking to onboard **high\-caliber video editors** for a **long\-term professional association**.

This role **starts as freelance**. Editors who prove their **reliability, creativity, and consistency** will be given the option to continue as freelancers **or** transition into a **full\-time role** within the company.

We believe in **earning trust first, then scaling together**.

Compensation

**₹500 – ₹5,000\+ per video (freelance)**  
Pay is decided based on:

* Editing style \& specialization
* Complexity \& turnaround time
* Quality consistency and communication

Top performers are rewarded with **priority projects, higher payouts, and stable workloads**.

Engagement Model (Read Carefully)

* Selected editors will work on a **freelance basis for the first month**
* During this phase, you will receive **real client projects**
* Editors who will be shortlisted for the next stage
* Complete all assigned projects on time
* Maintain quality across deliveries
* Communicate professionally

After the trial month:

You may choose to:

* Continue as a **long\-term freelance editor**, or
* Be considered for a **full\-time position**

Only editors who prove they are **reliable, creative, and deadline\-disciplined** will be invited for full\-time roles or long\-term freelance collabration.

Who We’re Looking For (Specialists Only)

We do **not** hire “I can do everything” editors.

We are looking for **specialists who dominate one style**.

Current openings:

* **Motion Design** (clean, modern, brand\-ready)
* **Speed Ramping** (intentional, music\-synced, tasteful)
* **Talking Head Videos** (retention\-driven, pacing, captions)
* **Concert Edits** (energy, storytelling, beat drops)
* **Real Estate Videos** (cinematic, premium, sales\-focused)
* **Professional Color** Grading (Log → cinematic, accurate skin tones)
* **AI\-based Video Creation** (create realistic or creative videos)

If you can’t clearly say **what you’re best at**, this role is not for you.

Technical \& Professional Requirements (Non\-Negotiable)

* System capable of handling **10\-bit S\-Log footage smoothly**
* Strong **portfolio relevant to your claimed specialization**
* Deep understanding of pacing, storytelling, and platform formats
* Ability to follow references, brand guidelines, and feedback
* Professional editing workflow

(Premiere Pro / After Effects / DaVinci Resolve, etc.)

Work Location \& Flexibility

* **Remote work available**
* **Local candidates** (Chandigarh based) **are preferred** (for potential in\-person collaboration), but **not mandatory**
* Full\-time roles can be: **provided you prove reliability and accountability**
* Hybrid
* Fully work\-from\-home

Selection Process

* Portfolio shortlisting (niche\-specific)
* **15–30 second test assignment** in your specialization

The **test** is strictly for:

* Portfolio authenticity verification
* Skill evaluation
* Deadline discipline

Test work is **never used commercially**

**Expectations \& Work Culture**

We operate like a **professional studio**, not a hobby group.

You must bring:

* Clear, proactive communication
* Realistic commitments (no overpromising)
* Respect for deadlines and revisions
* Ownership of your work

⛔ Missed deadlines without prior communication can lead to immediate discontinuation.

Deadlines are **always discussed upfront**. Once accepted, they are expected to be honored.

Why Editors Stay With Us

* Consistent projects (not random gigs)
* Clear feedback and creative respect
* Opportunity to grow into a **full\-time creative role**
* Work with a team that values **craft \+ professionalism**
* No micromanagement — only accountability

Final Word

This is not for:

* Beginners testing freelancing
* Editors who disappear mid\-project
* People who treat deadlines casually

This **is for professionals** who want:

* Stability
* Growth
* Respect for their craft
* A team they can scale with

If you’re confident in your specialization and ready to prove it — **apply**.

Job Types: Full\-time, Freelance  
Contract length: 6 months

Pay: ₹15,000\.00 \- ₹60,000\.00 per month

Benefits:

* Paid sick time
* Work from home

Work Location: Hybrid remote in Panchkula, Haryana",,https://in.indeed.com/cmp/Drishyam-Studio,,,,,,,,,,,,
in-87e48f417f0ca94a,indeed,https://in.indeed.com/viewjob?jk=87e48f417f0ca94a,http://in.indeed.com/job/home-nurse-87e48f417f0ca94a,Home nurse,Varma Care,"KL, IN",2026-02-15,fulltime,,,,,,False,,,,,"Home Caregiver – Varma Care

We’re hiring Home Caregivers to support elderly clients with daily activities.

Responsibilities: Bathing, feeding, grooming, mobility support, companionship, and maintaining a safe home environment.

Requirements: Experience in elderly/home care preferred, compassionate mindset, willingness to work monthly/rotational shifts.

Benefits: Competitive pay, training support, and career progression pathways

Job Types: Full\-time, Contractual / Temporary  
Contract length: 28 days

Pay: ₹22,000\.00 \- ₹300,000\.00 per month

Benefits:

* Cell phone reimbursement
* Food provided

Work Location: In person",,https://in.indeed.com/cmp/Varma-Care,,,,,,,,,,,,
in-343531bd607d5529,indeed,https://in.indeed.com/viewjob?jk=343531bd607d5529,http://in.indeed.com/job/apprentice-electrician-343531bd607d5529,Apprentice Electrician,,"TN, IN",2026-02-15,fulltime,,,,,,False,,,,,"Electrician and plumber wanted

Work at new house wiring work, plumbing work ,Profile light work

Dindigul person wanted

Work location Dindigul and madurai only

Job Types: Full\-time, Permanent, Fresher

Pay: ₹400\.00 \- ₹700\.00 per day

Work Location: In person",,https://in.indeed.comNone,,,,,,,,,,,,
in-cc6b9e56080ead7e,indeed,https://in.indeed.com/viewjob?jk=cc6b9e56080ead7e,http://in.indeed.com/job/artcam-2d3d-designer-remote-cc6b9e56080ead7e,Artcam 2D/3D Designer (Remote),Volume and Beyond,"Remote, IN",2026-02-15,fulltime,,,,,,True,,,,,"We are looking for a skilled CNC Designer proficient in 2D/3D ArtCAM or other CAM software to join our team. The ideal candidate should have experience in designing, drafting, and creating models for manufacturing, engraving, and CNC operations.

Key Responsibilities:

Create detailed 2D and 3D designs using ArtCAM, and AutoCAD.

Develop vector graphics, 3D reliefs, and CNC\-ready designs for production.

Modify and optimize designs for manufacturing processes such as engraving, and CNC machining.

Ensure accuracy and precision in all designs and drawings.

Maintain and organize design files and project documentation.

Requirements:

Proficiency in ArtCAM (for relief modeling and CNC engraving).

Strong knowledge of AutoCAD (for technical drawing and drafting).

Prior experience in CNC programming, engraving, design is a plus.

Attention to detail and ability to work with complex designs.

Preferred Qualifications:

Any diploma with prior knowledge of above mentioned software.

1\-3 years of experience in CAM \& CAD designing with the mentioned software.

Familiarity with CNC machine operations and toolpath generation is an advantage.

Job Types: Full\-time, Permanent

Pay: From ₹20,000\.00 per month

Benefits:

* Work from home

Experience:

* Artcam 2D/3D: 2 years (Required)
* CNC Designer: 2 years (Required)

Work Location: Remote",,https://in.indeed.com/cmp/Volume-and-Beyond,,,,,,,,,,,,
in-82f20aae1a8d74cb,indeed,https://in.indeed.com/viewjob?jk=82f20aae1a8d74cb,http://in.indeed.com/job/electrical-technician-82f20aae1a8d74cb,Electrical Technician,Ocs group India pvt ltd,"KL, IN",2026-02-15,,,,,,,False,,,,,"Required Electricians

Location : Aster Medicity Hospital

Salary 20k/\-

Candidates near to Ernakulam prefered

Intrested ,contact 7593826111

Job Type: Permanent

Pay: ₹19,000\.00 \- ₹20,000\.00 per month

Benefits:

* Health insurance
* Provident Fund

Experience:

* Electrical maintenance: 1 year (Preferred)

Work Location: In person",,https://in.indeed.com/cmp/Ocs-Group-347b003d,,,,,,,,,,,,
in-f57db1119e3ba196,indeed,https://in.indeed.com/viewjob?jk=f57db1119e3ba196,http://in.indeed.com/job/hvac-technician-f57db1119e3ba196,HVAC technician,Ocs group India pvt ltd,"KL, IN",2026-02-15,fulltime,,,,,,False,,,,,"HVAC TECHNICIAN

Salary 18\-20k/\-

Min 1\-2 yr in water cooled chiller A/C

Contact 7593826111

Job Types: Full\-time, Permanent

Pay: ₹18,000\.00 \- ₹20,000\.00 per month

Benefits:

* Health insurance
* Provident Fund

Experience:

* Water cooled chiller,ahu: 1 year (Preferred)

Work Location: In person",,https://in.indeed.com/cmp/Ocs-Group-347b003d,,,,,,,,,,,,
in-ab1e441fa3b1aa3d,indeed,https://in.indeed.com/viewjob?jk=ab1e441fa3b1aa3d,http://in.indeed.com/job/plumbermaintenance-ab1e441fa3b1aa3d,Plumber/Maintenance,Ocs group India pvt ltd,"KL, IN",2026-02-15,fulltime,,,,,,False,,,,,"Plumber/Maintenance

Salary 18\-20k/\-

Min 1\-2 yr plumbing experience

Contact 7593826111

Job Types: Full\-time, Permanent

Pay: ₹18,000\.00 \- ₹20,000\.00 per month

Benefits:

* Health insurance
* Provident Fund

Experience:

* Electrical maintenance: 1 year (Preferred)

Work Location: In person",,https://in.indeed.com/cmp/Ocs-Group-347b003d,,,,,,,,,,,,
in-2fe6309ed5d5fc85,indeed,https://in.indeed.com/viewjob?jk=2fe6309ed5d5fc85,http://in.indeed.com/job/master-cook-2fe6309ed5d5fc85,Master Cook,SS Associates,"Tiruchchirappalli, TN, IN",2026-02-15,fulltime,,,,,,False,,,,,"Urgently need Master Cook and Asst. Master Cook for a college in Trichy.

Experience must.

Salary depends upon performance.

Job Type: Full\-time

Pay: ₹20,000\.00 \- ₹30,000\.00 per month

Ability to commute/relocate:

* Tiruchchirappalli, Tamil Nadu: Reliably commute or planning to relocate before starting work (Preferred)

Work Location: In person",,https://in.indeed.com/cmp/Ss-Associates-1633c640,,,,,,,,,,,,
in-8fcb5e4733e1acda,indeed,https://in.indeed.com/viewjob?jk=8fcb5e4733e1acda,http://in.indeed.com/job/telesales-executive-8fcb5e4733e1acda,Telesales Executive,JAYAM GROUP,"TN, IN",2026-02-15,"parttime, fulltime, volunteer, internship",,,,,,True,,,,,"**JOB \- TeleCaller**

Head Office Location : Padi, Chennai \[ Nearest location only]

only Chennai candidate nearest location can apply.

Salary: ₹15,000\.00 \- ₹32,000\.00 per month

Schedule:

* Day shift (OR) Work from Home

Experience:

* Sales \& Marketing for Lands :
* Tamil,

**Speak with the \+91 6360196115**

Job Types: Full\-time, Part\-time, Permanent, Fresher, Internship, Contractual / Temporary, Freelance, Volunteer  
Contract length: 365 months

Pay: ₹15,000\.00 \- ₹45,000\.00 per month

Benefits:

* Cell phone reimbursement
* Work from home

Education:

* Higher Secondary(12th Pass) (Required)

Work Location: In person",,https://in.indeed.com/cmp/Jayam-Group,,,,,,,,,,,,
in-6395a753894a2955,indeed,https://in.indeed.com/viewjob?jk=6395a753894a2955,http://in.indeed.com/job/receptionist-female-only-pre-school-6395a753894a2955,Receptionist (Female Only) – Pre-School,Dinis Internaltional Pre-School,"UP, IN",2026-02-15,fulltime,,,,,,False,,,,,"We are hiring a **female Receptionist** for our newly opening **International Pre\-School**. The ideal candidate should be **well\-spoken, organized, and child\-friendly**, and will manage front desk operations, parent enquiries, and basic administrative tasks. Candidates who can **join immediately** will be given preference

**Key Responsibilities Front Desk \& Visitor Management**

* Greet parents, children, and visitors warmly
* Handle incoming calls, walk\-in enquiries, and WhatsApp messages
* Manage admissions enquiries and schedule school tours
* Maintain enquiry, admission, and visitor records
* Assist with basic documentation and fee\-related coordination
* Coordinate with teachers and management for daily communication
* Keep the reception area clean, organized, and welcoming

**Eligibility \& Requirements**

* **Female candidates only**
* **Immediate joiners preferred**
* Excellent communication skills in **English \& Hindi**
* Basic computer knowledge (MS Word, Excel, Email, WhatsApp)
* Polite, presentable, and professional personality
* Child\-friendly attitude and patience

**Qualification**

* Minimum: **12th Pass**
* Graduate preferred
* Experience in school / pre\-school / front office is an advantage

**Experience**

* **1–3 years** experience as a receptionist / front office executive
* **Freshers may apply** if communication skills are strong

**Salary \& Benefits**

* Salary: 15,000\-20,000 per month (based on experience)
* Friendly and supportive work environment
* Opportunity to grow in the education sector

Job Type: Full\-time

Pay: ₹15,000\.00 \- ₹20,000\.00 per month

Work Location: In person",,https://in.indeed.com/cmp/Dinis-Internaltional-Pre--school,,,,,,,,,,,,
in-63fb5a6ad194b57c,indeed,https://in.indeed.com/viewjob?jk=63fb5a6ad194b57c,http://in.indeed.com/job/teacher-female-only-pre-school-63fb5a6ad194b57c,Teacher (Female Only) – Pre-School,Dinis Internaltional Pre-School,"UP, IN",2026-02-15,fulltime,,,,,,False,,,,,"We are hiring a **Female Pre\-School Teacher** for our International Pre\-School.  
Candidate should be passionate about early childhood education and child development.  
Responsibilities include classroom teaching, activity planning, and child care.  
Good communication skills in **English** required.  
NTT / ECCE / Montessori trained candidates preferred.  
Freshers with training may also apply.  
**Salary:** ₹10,000 – ₹18,000 per month (based on experience)

Job Type: Full\-time

Pay: ₹10,000\.00 \- ₹18,000\.00 per month

Work Location: In person",,https://in.indeed.com/cmp/Dinis-Internaltional-Pre--school,,,,,,,,,,,,
in-8929101c31bc0b46,indeed,https://in.indeed.com/viewjob?jk=8929101c31bc0b46,http://in.indeed.com/job/junior-lawyer-8929101c31bc0b46,Junior Lawyer,,"MH, IN",2026-02-15,,,,,,,True,,,,,"Require smart intelligent fresh lady lawyer for office visits who can write, speak Marathi \& English.

Job Type: Fresher

Pay: From ₹10,083\.63 per month

Work Location: Hybrid remote in Mumbai, Maharashtra",,https://in.indeed.comNone,,,,,,,,,,,,
in-a317e329a9283f8d,indeed,https://in.indeed.com/viewjob?jk=a317e329a9283f8d,http://in.indeed.com/job/mechanical-design-a317e329a9283f8d,Mechanical Design,Aromatic Garden Essence Pvt Ltd,"MH, IN",2026-02-15,fulltime,,,,,,False,,,,,"**Job description**

**Job title: Assistant Manager\- Mechanical Design**

**Department / unit:**

**HOD**

Areas of work: Technology, Design, Estimation \&amp; costing, Manufacturing

Position Summary:

Experienced Mechanical Design Manager to lead and mentor a team of engineers in designing high\-

quality jigs, fixtures, special purpose machines (SPM), machined parts, material handling equipment,

and complex pneumatic and hydraulic systems. This role combines hands\-on design expertise with

strategic leadership, project management, and technical guidance to ensure that all projects meet

quality, cost, and timeline requirements. Should also work on standardization of designs for future

reference.

Duties \&amp; responsibilities:

Team Leadership \&amp; Mentorship:

 Manage, mentor, and develop a team of 5 mechanical design engineers, providing guidance

and support to foster professional growth.

 Oversee daily team activities, set clear objectives, and conduct regular performance

evaluations to ensure team members meet project and organizational goals.

 Promote a collaborative and innovative work environment, encouraging creativity and

continuous improvement.

Project Management \&amp; Execution:

 Lead the design and development of jigs, fixtures, SPMs, machined parts, material handling

devices, and complex pneumatic and hydraulic systems to meet client and industry

specifications.

 Plan and prioritize design projects, ensuring efficient use of resources, adherence to project

schedules, and meeting of budgetary constraints.

 Collaborate with cross\-functional teams, including production, quality, and procurement, to

ensure designs are feasible, cost\-effective, and manufacturable.

Technical Oversight \&amp; Design Validation:

 Review and approve design concepts, 3D models, technical drawings, and engineering

documentation to ensure quality, accuracy, and alignment with design standards.

 Conduct design reviews, feasibility analyses, and FMEAs (Failure Mode and Effects Analysis) to

validate and improve designs.

 Support the team in troubleshooting design challenges and provide solutions for complex

technical issues.

Process Improvement \&amp; Innovation:

 Identify and implement best practices for mechanical design processes, promoting efficiency,

quality, and cost reduction.

 Stay up\-to\-date with industry trends, new materials, and emerging technologies to enhance

design capabilities.

 Drive continuous improvement initiatives within the team, focusing on innovative solutions

and the adoption of advanced design methodologies.

Customer \&amp; Stakeholder Collaboration:

 Act as a primary technical point of contact with clients and stakeholders, presenting design

concepts, discussing technical requirements, and gathering feedback to refine solutions.

 Ensure customer satisfaction by addressing client needs promptly, managing project

expectations, and delivering high\-quality design solutions.

Reporting \&amp; Documentation:

 Prepare regular project status reports, design metrics, and technical documentation for senior

management review.

 Ensure accurate records of design activities, project timelines, and engineering specifications

are maintained for reference and auditing.

Qualifications:

1\. Education, professional (skills) and language skills

Engineering Graduate/ Diploma in Electrical, Mechanical, Mechatronics,

2\. Work experience requirements / Experience in specific working area

5\-6 years of relevant experience engineering industry in design, estimation function. should have

knowledge about various engineering \&amp; Quality standards applicable

3\. Special knowledge and abilities / characteristics

CAD/e plan/Microsoft Office/ ERP

Responsibilities

4\. Competencies

Technical Skills:

1\. Proficiency in CAD software (e.g., SolidWorks, AutoCAD, CATIA) for advanced 3D modeling

and 2D drafting.

2\. Strong knowledge of design standards, material selection, manufacturing processes, and

engineering principles related to pneumatic and hydraulic systems.

Project Management Skills:

1\. Demonstrated ability to manage multiple projects, prioritize tasks, and ensure successful

delivery within timelines and budgets.

Communication Skills:

1\. Strong interpersonal and communication skills to collaborate effectively with cross\-

functional teams, stakeholders, and clients.

2\. Ability to present technical information clearly and confidently to both technical and non\-

technical audiences.

Problem\-Solving Ability:

1\. Proven problem\-solving and analytical skills to guide the team in resolving design and

engineering challenges.

 Familiarity with FEA (Finite Element Analysis) and simulation tools for design optimization.

 Experience with ISO and ASME standards relevant to mechanical design.

 PMP or relevant project management certification is a plus.

Job Type: Full\-time

Pay: ₹500,000\.00 \- ₹700,000\.00 per year

Benefits:

* Health insurance
* Provident Fund

Location:

* Pune, Maharashtra (Pune) (Preferred)

Work Location: In person",,https://in.indeed.com/cmp/Aromatic-Garden-Essence-Pvt-Ltd,,,,,,,,,,,,
in-1b8f35a9b8519de4,indeed,https://in.indeed.com/viewjob?jk=1b8f35a9b8519de4,http://in.indeed.com/job/guest-relation-executive-1b8f35a9b8519de4,Guest Relation Executive,Studio Mastaani,"PB, IN",2026-02-15,fulltime,,,,,,False,,,,,"We are seeking a sophisticated and high\-energy Guest Relations Executive to join our team at Studio Mastaani( ludhiana). As the first and last point of contact, you define the guest experience. You will manage our host team, oversee the floor's ""vibe,"" and build lasting relationships with our regulars and VIPs. If you thrive in a fast\-paced, glamorous environment and have a ""make it happen"" attitude, we want to meet you.

Job Types: Full\-time, Permanent

Pay: ₹15,000\.00 \- ₹30,000\.00 per month

Work Location: In person",,https://in.indeed.com/cmp/Studio-Mastaani,,,,,,,,,,,,
in-f10b8341027241b9,indeed,https://in.indeed.com/viewjob?jk=f10b8341027241b9,http://in.indeed.com/job/architect-f10b8341027241b9,Architect,Calids Landscapes,"KA, IN",2026-02-15,fulltime,,,,,,False,,,,,"We seek a highly skilled and creative Architect to join our team. In this role, you will be responsible for designing and planning outdoor spaces, including parks, gardens, residential areas, and commercial properties. You will work closely with clients to understand their vision and requirements, conducting site analysis and environmental assessments to create sustainable and aesthetically pleasing landscapes. Your expertise will be crucial in developing detailed plans, drawings, and 3D models, using industry\-standard software such as AutoCAD, SketchUp, and Blender. If you are passionate about creating beautiful and functional outdoor spaces and have a keen eye for detail, we would love to hear from

Job Types: Full\-time, Permanent

Pay: ₹12,622\.02 \- ₹30,000\.00 per month

Experience:

* total work: 1 year (Preferred)

Work Location: In person",,https://in.indeed.com/cmp/Calids-Landscapes,,,,,,,,,,,,
in-bac9b808e94ab658,indeed,https://in.indeed.com/viewjob?jk=bac9b808e94ab658,http://in.indeed.com/job/dosa-maker-bac9b808e94ab658,Dosa maker,Hotel White Dammar,"KL, IN",2026-02-15,fulltime,,,,,,False,,,,,"Should be able to make varieties of dosa and chutney. Contact no. 9746901237

Job Type: Full\-time

Pay: ₹25,000\.00 \- ₹35,000\.00 per month

Benefits:

* Flexible schedule
* Food provided
* Paid time off

Work Location: In person",,https://in.indeed.com/cmp/Hotel-White-Dammar,,,,,,,,,,,,
in-111d374353ba6ca0,indeed,https://in.indeed.com/viewjob?jk=111d374353ba6ca0,http://in.indeed.com/job/driver-111d374353ba6ca0,Driver,FujiFilm,"MH, IN",2026-02-15,fulltime,,,,,,False,,,,,"Need personal driver for Venue car. should be staying near to kothrud.

Need on permeant basis

Job Types: Full\-time, Permanent

Pay: ₹19,000\.00 \- ₹21,000\.00 per month

Benefits:

* Health insurance
* Paid sick time
* Provident Fund

Work Location: In person",Consumer Goods And Services,https://in.indeed.com/cmp/Fujifilm,https://d2q79iu7y748jz.cloudfront.net/s/_squarelogo/256x256/9d50bcb3f532669589a9b2ed379bd17b,https://www.fujifilm.com/pt,"Rotunda Engº Edgar Cardoso, 23 – 10º 
Edifício Tower Plaza -  Vila Nova de Gaia, Portugal 
",51 to 200,more than $10B (USD),,,,,,,
in-91e61aec89132e4e,indeed,https://in.indeed.com/viewjob?jk=91e61aec89132e4e,http://in.indeed.com/job/logistics-coordinator-91e61aec89132e4e,Logistics Coordinator,Shree Mahabir Transport Agency,"RJ, IN",2026-02-15,,,,,,,False,,,,,"Looking for a female employee for logistics related coordinates. Data based calling.

Job Type: Permanent

Pay: ₹10,693\.16 \- ₹37,013\.46 per month

Benefits:

* Cell phone reimbursement

Work Location: In person",,https://in.indeed.com/cmp/Shree-Mahabir-Transport-Agency,,,,,,,,,,,,
in-6612034f737e822e,indeed,https://in.indeed.com/viewjob?jk=6612034f737e822e,http://in.indeed.com/job/plc-programmer-6612034f737e822e,PLC Programmer,Aromatic Garden Essence Pvt Ltd,"Manesar, HR, IN",2026-02-15,fulltime,,,,,,False,,,,,"**Job Title:** PLC Programmer

**Job Location:** Manesar

]**Department:** Automation / Electrical / Control Systems

**Reports To:** Automation/Controls Engineer or Engineering Manager

**Job Summary:**

The PLC Programmer is responsible for designing, developing, testing, and maintaining programmable logic controller (PLC) programs for automated machinery and processes. The role ensures smooth operation, troubleshooting, and optimization of industrial control systems.

**Key Responsibilities:**

* Develop, test, and maintain PLC programs for automation systems (Siemens, Allen\-Bradley, Schneider, Mitsubishi, etc.).
* Collaborate with electrical engineers, mechanical engineers, and production teams to implement automation solutions.
* Troubleshoot and resolve PLC\-related issues in machinery and production lines.
* Conduct system upgrades and program modifications as needed.
* Create and maintain documentation, including program logic diagrams, manuals, and operational procedures.
* Ensure compliance with safety standards and electrical regulations.
* Assist in commissioning and startup of new equipment.
* Support SCADA/HMI integration and communication with PLCs.
* Optimize PLC programs to improve production efficiency and reliability.

**Required Skills \& Qualifications:**

* Diploma or Bachelor’s degree in Electrical, Electronics, Instrumentation, or Automation Engineering.
* Proven experience in PLC programming (Siemens, Allen\-Bradley, Mitsubishi, or similar).
* Familiarity with SCADA/HMI systems.
* Knowledge of industrial communication protocols (Modbus, Profibus, Ethernet/IP, etc.).
* Strong problem\-solving and troubleshooting skills.
* Ability to read electrical schematics, P\&IDs, and wiring diagrams.
* Good understanding of industrial automation and control systems.

Job Type: Full\-time

Pay: ₹30,000\.00 \- ₹70,000\.00 per month

Benefits:

* Provident Fund

Ability to commute/relocate:

* Manesar, Haryana: Reliably commute or planning to relocate before starting work (Preferred)

Work Location: In person",,https://in.indeed.com/cmp/Aromatic-Garden-Essence-Pvt-Ltd,,,,,,,,,,,,
in-1766b965c2cfca93,indeed,https://in.indeed.com/viewjob?jk=1766b965c2cfca93,http://in.indeed.com/job/injection-molding-machine-operator-1766b965c2cfca93,Injection Molding Machine Operator,Dream home plasto ware ind,"Bhiwadi, RJ, IN",2026-02-15,fulltime,,,,,,False,,,,,"* **Production Management:** Plan, schedule, and oversee daily production to meet targets.
* **Technical Support:** Troubleshoot machine, mold, and process issues, and assist with mold changes.
* **Quality Control:** Conduct inspections to maintain standards, reduce rejects, and maintain quality documentation.

Job Type: Full\-time

Pay: ₹10,946\.97 \- ₹35,000\.00 per month

Work Location: In person",,https://in.indeed.com/cmp/Dream-Home-Plasto-Ware-Ind,,,,,,,,,,,,
in-079f05a37a022202,indeed,https://in.indeed.com/viewjob?jk=079f05a37a022202,http://in.indeed.com/job/projects-planning-execution-079f05a37a022202,Projects (Planning & Execution),Aromatic Garden Essence Pvt Ltd,"MH, IN",2026-02-15,fulltime,,,,,,False,,,,,"Sr Manager/ General Manager – Projects (Planning \&amp; Execution)

Organization: Adisoft Technologies

Location: Pune / India (Multi\-site \&amp; pan\-India projects)

Reporting to: Director / MD

Team Size: \~100 Engineers (Project Managers, Site Engineers, Planning, Commissioning)

Role Objective

To plan, execute, and deliver all customer projects with predictable timelines, controlled cost, uncompromised

safety, and zero\-surprise governance, while building a scalable, disciplined, and motivated execution

organization.

Span of Control

 Project Planning \&amp; Scheduling

 Site Execution \&amp; Commissioning

 Resource Planning \&amp; Deployment

 Customer Interface (Execution phase)

 Project Cost Control

 Safety \&amp; Compliance

 Capability building of project organization

Key Responsibilities

A. Project Planning \&amp; Governance

 Establish end\-to\-end project planning framework (from order handover to final acceptance)

 Ensure realistic schedules aligned with engineering, procurement, and site readiness

 Drive weekly project reviews using RAG methodology

 Maintain early\-warning system for delays, cost overruns, and risks

B. Execution Excellence

 Ensure OTIF (On\-Time In\-Full) delivery across projects

 Control:

o Schedule adherence

o Cost variance

 Doing extra work that was never agreed, without extra approval.\- should be ZERO

 Own shipping discipline, site readiness, and commissioning outcomes

 Ensure first\-time acceptance at FAT / SAT

C. Team Leadership (100\+ Engineers)

 Build a layered leadership structure (Project Heads, PMs, Leads)

 Enforce:

o Leave discipline

o Deployment discipline

o Backup \&amp; continuity planning

 Drive:

o Skill development

o Safety culture

o Performance accountability

 Reduce execution\-driven attrition

D. Cross\-Functional Coordination

 Work closely with:

o Engineering (design freeze \&amp; ECO control)

o Purchase (material readiness \&amp; lead times)

o Operations (manufacturing \&amp; dispatch)

o Finance (billing milestones \&amp; cash flow)

 Act as single execution voice to customers

E. Customer \&amp; Risk Management

 Own execution\-phase customer communication

 Proactively escalate:

o Schedule risks

o Scope ambiguities

o Commercial exposures

 Prevent last\-minute surprises

F. Process, Safety \&amp; Compliance

 Ensure adherence to:

o Project SOPs

o Safety standards

o ISO 9001 processes

 Drive continuous improvement via:

o Post\-project reviews

o Lessons\-learned documentation

Qualification \&amp; Experience

 BE / BTech (Mechanical / Electrical / Instrumentation / Automation)

 Post\-graduate qualification in Project Management (desirable)

 15–22 years of experience in:

o Automation / EPC / System Integration

o Large multi\-site project execution

 Proven experience managing 50–150 engineers

Job Type: Full\-time

Pay: ₹1,800,000\.00 \- ₹1,900,000\.00 per year

Benefits:

* Health insurance
* Provident Fund

Work Location: In person",,https://in.indeed.com/cmp/Aromatic-Garden-Essence-Pvt-Ltd,,,,,,,,,,,,
in-bfb02d047852f129,indeed,https://in.indeed.com/viewjob?jk=bfb02d047852f129,http://in.indeed.com/job/office-assistant-bfb02d047852f129,Office Assistant,Dream home plasto ware ind,"Bhiwadi, RJ, IN",2026-02-15,fulltime,,,,,,False,,,,,"* **Administrative Support:** Managing files, records, and documentation.
* **Communication:** Handling phone calls, emails, and correspondence.
* **Office Operations:** Coordinating schedules, managing supplies, and welcoming visitors.
* **Technical Skills:** Proficiency in MS Office (Excel, Word) and data entry.

Job Type: Full\-time

Pay: ₹18,000\.00 \- ₹26,504\.99 per month

Work Location: In person",,https://in.indeed.com/cmp/Dream-Home-Plasto-Ware-Ind,,,,,,,,,,,,
in-e5a2cb3fcdd09c62,indeed,https://in.indeed.com/viewjob?jk=e5a2cb3fcdd09c62,http://in.indeed.com/job/nursing-e5a2cb3fcdd09c62,Nursing,Aanya multi-speciality hospital,"MP, IN",2026-02-15,fulltime,,,,,,False,,,,,"Aanya multi\-speciality hospital

Nursing Gnm/ bsc nursing

Cantact for details 8709006505

Location near ashima mall Hoshangabad road ganesh nagar

Job Types: फ़ुल\-टाइम, स्थायी

Pay: ₹9,000\.00 \- ₹16,000\.00 per month

Work Location: In person",,https://in.indeed.com/cmp/Aanya-Multi--speciality-Hospital,,,,,,,,,,,,
in-cd003f443d66aa79,indeed,https://in.indeed.com/viewjob?jk=cd003f443d66aa79,http://in.indeed.com/job/dosa-maker-cd003f443d66aa79,Dosa maker,Hotel White Dammar,"KL, IN",2026-02-15,fulltime,,,,,,False,,,,,"Should be well versed in making different types of doses and chutney

Job Type: Full\-time

Pay: ₹30,000\.00 per month

Benefits:

* Food provided
* Paid time off

Work Location: In person",,https://in.indeed.com/cmp/Hotel-White-Dammar,,,,,,,,,,,,
in-663d7daea1ab0862,indeed,https://in.indeed.com/viewjob?jk=663d7daea1ab0862,https://karrier.mavcsoport.hu/allasajanlataink/19326,"Térközőr, vonatjelentő őr",MÁV Felépítménykarbantartó és Gépjavító Kft.,"Karad, MH, IN",2026-02-14,,,,,,,False,,,,,"Érdekel a forgalom szabályozása? Akkor lépj egy következő szintre, légy Te a közlekedő vonatok fogadója, és a jelzők kezelője, gondozója.



**Új munkatársunk feladatai lesznek**


* közlekedő vonatok fogadása, megfigyelése
* közlekedő vonatok számára jelzők kezelése, gondozása
**Amire a munkakör betöltéséhez szükség van**


* alapfokú állami iskolai végzettség (8 általános)
* orvosi alkalmasság
* fizikai állóképesség
**Amit ajánlunk**


* SZÉP\-kártya juttatás (a hatályos belső szabályozás szerint)
* hűség bónusz év végén (a hatályos belső szabályozás szerint)
* önkéntes nyugdíjpénztári hozzájárulás
* havi nettó 4000 Ft összegű önkéntes egészségpénztári tagdíj\-hozzájárulás


A fenti juttatások a naptári évben ledolgozott munkanapok arányában kerülnek kifizetésre.



Amit ajánlunk továbbá:


* biztos munkahely
* kiszámítható munkaidő és jövedelem
* utazási kedvezmény (belföldön és egyes nemzetközi vasútvonalakon)
* vállalati országbérlet
* a tanulmányok idejére minden érintett munkavállalónak díjmentes szállás biztosítása
* szakmai fejlődési lehetőség
* ruházati ellátás
**Munkavégzés helye**


Karád
**Munkaidő**


Teljes munkaidő
**Foglalkoztatás formája**


Határozatlan idejű
**Bővebb felvilágosítást ad**


Kiss Boglárka \+36 (30\) 811 1855



**Jelentkezés határideje** **2026\. 02\. 28\.****Vállalati bemutatkozó**


A MÁV Pályaműködtetési Zrt. a magyarországi közforgalmú vasúti pályahálózat nagy részének üzemeltetőjeként mintegy 7000 kilométernyi vaspálya és az ahhoz kapcsolódó infrastruktúra működtetéséről gondoskodik. Teljes körűen látja el az üzemeltetési, forgalomirányítási és karbantartási, valamint részben a felújítási feladatokat.",,https://in.indeed.com/cmp/M%C3%A1v-Fel%C3%A9p%C3%ADtm%C3%A9nykarbantart%C3%B3-%C3%89s-G%C3%A9pjav%C3%ADt%C3%B3-Kft.,,,,,,,,,,,,
in-d71901453306247c,indeed,https://in.indeed.com/viewjob?jk=d71901453306247c,https://karrier.mavcsoport.hu/allasajanlataink/19326,"Térközőr, vonatjelentő őr",MÁV Felépítménykarbantartó és Gépjavító Kft.,"Karad, MH, IN",2026-02-14,,,,,,,False,,,,,"Érdekel a forgalom szabályozása? Akkor lépj egy következő szintre, légy Te a közlekedő vonatok fogadója, és a jelzők kezelője, gondozója.



**Új munkatársunk feladatai lesznek**


* közlekedő vonatok fogadása, megfigyelése
* közlekedő vonatok számára jelzők kezelése, gondozása
**Amire a munkakör betöltéséhez szükség van**


* alapfokú állami iskolai végzettség (8 általános)
* orvosi alkalmasság
* fizikai állóképesség
**Amit ajánlunk**


* SZÉP\-kártya juttatás (a hatályos belső szabályozás szerint)
* hűség bónusz év végén (a hatályos belső szabályozás szerint)
* önkéntes nyugdíjpénztári hozzájárulás
* havi nettó 4000 Ft összegű önkéntes egészségpénztári tagdíj\-hozzájárulás


A fenti juttatások a naptári évben ledolgozott munkanapok arányában kerülnek kifizetésre.



Amit ajánlunk továbbá:


* biztos munkahely
* kiszámítható munkaidő és jövedelem
* utazási kedvezmény (belföldön és egyes nemzetközi vasútvonalakon)
* vállalati országbérlet
* a tanulmányok idejére minden érintett munkavállalónak díjmentes szállás biztosítása
* szakmai fejlődési lehetőség
* ruházati ellátás
**Munkavégzés helye**


Karád
**Munkaidő**


Teljes munkaidő
**Foglalkoztatás formája**


Határozatlan idejű
**Bővebb felvilágosítást ad**


Kiss Boglárka \+36 (30\) 811 1855



**Jelentkezés határideje** **2026\. 02\. 28\.****Vállalati bemutatkozó**


A MÁV Pályaműködtetési Zrt. a magyarországi közforgalmú vasúti pályahálózat nagy részének üzemeltetőjeként mintegy 7000 kilométernyi vaspálya és az ahhoz kapcsolódó infrastruktúra működtetéséről gondoskodik. Teljes körűen látja el az üzemeltetési, forgalomirányítási és karbantartási, valamint részben a felújítási feladatokat.",,https://in.indeed.com/cmp/M%C3%A1v-Fel%C3%A9p%C3%ADtm%C3%A9nykarbantart%C3%B3-%C3%89s-G%C3%A9pjav%C3%ADt%C3%B3-Kft.,,,,,,,,,,,,
in-99b81508ae3688a5,indeed,https://in.indeed.com/viewjob?jk=99b81508ae3688a5,https://unikwork.com/career-details/eyJpdiI6IjRaK2thT3Ayd1k0QkpESTZlT0gva3c9PSIsInZhbHVlIjoicHpVV2dEbUJpT1JUM3JVREsyZFIyZz09IiwibWFjIjoiZTZiNzRhZTBmZjNkMTFlMzU2YTkxZjUwZDUzZDhiNWU4MTI0Y2E0NTk1MDY0MWQ2ZGIyNWY5OTY2MTJlYmNiYiIsInRhZyI6IiJ9,React Native Interns,Unikwork,"GJ, IN",2026-02-14,fulltime,,,,,,False,,,,,"Qualification
BE (CSE/IT)/ B.TECH(CSE/IT)/ MCA/ ME(CSE/IT)/ M.SC/ M.TECh(CSE/IT)


Location
Surat, Vadodara


Salary range
Free Internship


Experience/Seniority level
Fresher


Job Time
Full Time


Requirements / Your Skills


Assist in App Development: Collaborate with the development team to build and enhance React Native applications for both iOS and Android platforms.


Code and Debug: Write clean, efficient, and reusable code, and identify and resolve bugs and performance issues.


Collaborate: Engage in team meetings, share ideas, and contribute to brainstorming sessions and project discussions.


Learn and Implement: Stay updated with the latest React Native trends and best practices, and apply new knowledge to ongoing projects.


Document: Help maintain project documentation and update code repositories as needed.


Technical Skills: Basic understanding of React Native, JavaScript, and related libraries. Familiarity with React.js and mobile development concepts is a plus.


Problem\-Solving Skills: Ability to analyze issues and find effective solutions with attention to detail.


Communication: Good verbal and written communication skills and the ability to work well in a team setting.",,https://in.indeed.com/cmp/Unikwork,https://d2q79iu7y748jz.cloudfront.net/s/_squarelogo/256x256/52e879c0416762fb3c3da41d3b8efcc7,https://www.unikwork.com,"4006-4009
Siver business point
Utran 
Surat ",51 to 200,$1M to $5M (USD),,,,,,,
in-44c7238eeab6e132,indeed,https://in.indeed.com/viewjob?jk=44c7238eeab6e132,https://unikwork.com/career-details/eyJpdiI6InVEUlRuSlJqU21SZlFENGkzTTJqUnc9PSIsInZhbHVlIjoiKytwNmdSSVU5a3BEWE45a0hIOVVKQT09IiwibWFjIjoiZDVmMDkyNzE3YWYzYThkZTVjNDczNThhNGJlMjk2NmU4NjgxZGNiNmQ5MmRjYjQyMDJmM2QxYjc1M2QyZjYzNSIsInRhZyI6IiJ9,Artificial Intelligence (AI) Intern,Unikwork,"GJ, IN",2026-02-14,fulltime,,,,,,False,,,,,"Qualification
BE (CSE/IT)/ B.TECH(CSE/IT)/ MCA/ ME(CSE/IT)/ M.SC/ M.TECH(CSE/IT)


Location
Vadodara


Salary range
Paid Internship


Experience/Seniority level
Fresher/Internship


Job Time
Full Time


Requirements / Your Skills


Annotate, build, train, evaluate, and fine\-tune machine learning and deep learning models for various use cases.


Implement data pipelines for preprocessing, augmentation, and transformation of structured and unstructured datasets.


Perform exploratory data analysis (EDA), feature engineering, and data visualization.


Work on computer vision and image/video processing tasks using industry\-standard frameworks.


Utilize GPU acceleration (CUDA, cuDNN, TensorRT) for training and optimizing deep learning models.


Deploy models on\-premise and in cloud environments using containerization (Docker) and orchestration (Kubernetes).


Collaborate in an agile development team, contributing to architecture, experimentation, and testing workflows.",,https://in.indeed.com/cmp/Unikwork,https://d2q79iu7y748jz.cloudfront.net/s/_squarelogo/256x256/52e879c0416762fb3c3da41d3b8efcc7,https://www.unikwork.com,"4006-4009
Siver business point
Utran 
Surat ",51 to 200,$1M to $5M (USD),,,,,,,
in-aea958472f1c5025,indeed,https://in.indeed.com/viewjob?jk=aea958472f1c5025,https://unikwork.com/career-details/eyJpdiI6IlFTdnVUR1R0SExkcHlqbDVEOEpDTVE9PSIsInZhbHVlIjoiam5hMU02WXVYYVkyVUFpRGtmNUZvZz09IiwibWFjIjoiMjc3MjZiYTZkMjY3OWFmZWQyOTQ0YjFkYWFkOGMzYzg3M2EzZWYyNTlmYjY3ODE5YTgwNTI4ZDNmNjU0ZGJmNiIsInRhZyI6IiJ9,SEO,Unikwork,"GJ, IN",2026-02-14,fulltime,,,,,,False,,,,,"Qualification
Bachelor’s degree in Marketing, Business, Communications, or a related field.


Location
Vadodara


Salary range
120000\-240000 LPA


Experience/Seniority level
1 to 2 Years


Job Time
Full Time


Requirements / Your Skills


Develop and implement effective SEO strategies to improve organic search visibility and drive targeted traffic.


Conduct thorough keyword research to identify high\-value search terms and opportunities for content optimization.


Optimize website content, meta tags, headers, and images to improve relevance and search engine rankings.


Perform technical SEO audits, identify issues, and implement solutions to enhance site performance, such as improving site speed, mobile responsiveness, and crawlability.


Collaborate with content creators to produce high\-quality, SEO\-friendly content that aligns with user intent and business objectives.


Develop and execute link\-building strategies to acquire high\-quality backlinks and enhance domain authority.


Monitor and analyze website performance using tools like Google Analytics, Google Search Console, and other SEO tools. Provide regular reports and insights to track progress and ROI.


Analyze competitor websites and strategies to identify opportunities and stay ahead in the industry.


Keep up\-to\-date with the latest SEO trends, algorithm updates, and industry best practices.",,https://in.indeed.com/cmp/Unikwork,https://d2q79iu7y748jz.cloudfront.net/s/_squarelogo/256x256/52e879c0416762fb3c3da41d3b8efcc7,https://www.unikwork.com,"4006-4009
Siver business point
Utran 
Surat ",51 to 200,$1M to $5M (USD),,,,,,,
in-6cdca0401c1e84f7,indeed,https://in.indeed.com/viewjob?jk=6cdca0401c1e84f7,https://recity-1.jobsoid.com/j/121336/admin-assistant-procurement-mathura?source=indeed,Admin Assistant - Procurement (Mathura),Recity Network India,"Mathura, UP, IN",2026-02-14,,,,,,,False,,,,careers@recity.in,"**Job Position: Administrative Assistant**


**Location: Mathura, India**


**About Recity:** Founded in 2017, Recity Network Private Limited aims to make cities more livable by transforming the journey of plastic waste globally. We focus on creating streamlined, inclusive, and traceable waste management solutions, collaborating with multinational brands, CSRs, multilaterals, governments, and city administrations to revolutionize the global plastic waste industry.


RECITY


**Role Overview:** The Administrative Assistant at our Material Recovery Facility (MRF) in Mathura will oversee administrative tasks to ensure smooth operations.


**Key Responsibilities:**


**Procurement:**


* Assist in sourcing suppliers and obtaining quotations for goods and services.
* Prepare and process purchase orders, ensuring accuracy and compliance with procurement guidelines.
* Maintain and update vendor databases, contracts, and procurement records.
* Coordinate with vendors for timely delivery and resolve any discrepancies in orders or invoices.
* Track and monitor inventory levels; alert the team for replenishment as required.
* Support administrative tasks such as filing, record\-keeping, and preparing procurement reports.
* Liaise with internal teams to understand procurement needs and ensure timely fulfillment.
* Assist in budget tracking and expense documentation related to procurement.
* Ensure adherence to company procurement policies and regulatory compliance.


**Inventory Oversight:**

* Maintain records of stock and inventory at the MRF facility.

**Safety and Compliance:**


* Document and report any workplace accidents or safety incidents.
* Ensure proper documentation for compliance and audits.

**Collaboration:**


* Work with HR and admin teams to streamline workforce management.
* Organize regular training sessions on the Prevention of Sexual Harassment (POSH).
* Assist in other administrative responsibilities as required.

**Qualifications:**


**Education:** Bachelor's degree in any discipline (preferred: Administration, HR, or related field).


**Experience:** 1\-2 years in administrative role.



Experience in worker management or facility operations is a plus.


**Skills:**


* Strong organizational and record\-keeping abilities.
* Effective communication and problem\-solving skills.

Application Process: Please send your updated CV along with a cover letter to **careers@recity.in**.


Applications accompanied by a cover letter will be given preference.


**Join us in our mission to transform plastic waste management and contribute to a sustainable future**",,https://in.indeed.com/cmp/Recity-Network-India,,,,,,,,,,,,
in-f6a097402feaa8fe,indeed,https://in.indeed.com/viewjob?jk=f6a097402feaa8fe,https://hoscindia.in/careers/#,Site Supervisor,house of speciality coattings,"MH, IN",2026-02-14,,,,,,,False,,,,,"* 3 to 5 years of experience
* Site team coordination
* Worker coordination
* PMC Coordination
* Safety Requirements
* Billing Coordination
* Well versed with MS Office Tools and Autocad Software",,https://in.indeed.com/cmp/House-of-Speciality-Coattings,,,,,,,,,,,,
in-db2eab0efb644b7c,indeed,https://in.indeed.com/viewjob?jk=db2eab0efb644b7c,https://hoscindia.in/careers/#,Draftsman,house of speciality coattings,"MH, IN",2026-02-14,,,,,,,False,,,,info@hoscindia.in,"2/3 years of experience in

* Taking measurements,
* Billing,
* Good knowledge of MS office and
* AutoCAD working
* Please note : 2\-wheeler is must
* Contact Supriya: 9881104809  

Mail : info@hoscindia.in",,https://in.indeed.com/cmp/House-of-Speciality-Coattings,,,,,,,,,,,,
in-f7791e23a7b223c5,indeed,https://in.indeed.com/viewjob?jk=f7791e23a7b223c5,https://hoscindia.in/careers/#,Safety Supervisor,house of speciality coattings,"MH, IN",2026-02-14,,,,,,,False,,,,,"* 3 to 5 years of experience
* Site Safety coordination
* Worker Safety coordination
* Safety equipment coordination
* Safety Requirements
* Billing Coordination
* Well versed with MS Office Tools",,https://in.indeed.com/cmp/House-of-Speciality-Coattings,,,,,,,,,,,,
in-ee63e02b9843ba99,indeed,https://in.indeed.com/viewjob?jk=ee63e02b9843ba99,https://hoscindia.in/careers/#,Quality Supervisor,house of speciality coattings,"MH, IN",2026-02-14,,,,,,,False,,,,,"* 3 to 5 years of experience
* Quality coordination
* Quality checks
* Follow SOPs
* Safety Requirements
* Well versed with MS Office Tools and Autocad Software",,https://in.indeed.com/cmp/House-of-Speciality-Coattings,,,,,,,,,,,,
li-4372920643,linkedin,https://www.linkedin.com/jobs/view/4372920643,https://www.expertia.ai/ril-reliance-retail/job/hiring-customer-service-associates-698c0e17038e7cc393f42ad2?utm_source=linkedin-jw&easy_apply=true&urlHash=88zl,Customer Service Associates,Reliance Retail,"Guwahati, Assam, India",2026-02-14,fulltime,,,,,,False,associate,Other,,,"**Job Title: Customer Service Associate (CSA)**
**Department:** 
 Retail Operations
   

  

**Reports To:** 
 Store Manager / Assistant Store Manager
   

  

**Job Purpose**
 To deliver excellent customer service by assisting customers, driving sales through effective product recommendations, and ensuring smooth store operations.
   

  

**Key Responsibilities**
* Greet customers warmly and understand their needs.
* Provide accurate information about products, features, pricing, and promotions.
* Drive sales through upselling and cross\-selling.
* Operate POS systems for billing, returns, and exchanges.
* Ensure proper display of merchandise and maintain store cleanliness.
* Handle customer queries and complaints professionally.
* Follow company policies, SOPs, and safety guidelines.
* Support inventory management and stock replenishment.


**Key Skills \& Competencies**
* Strong communication and interpersonal skills
* Customer\-focused attitude
* Basic computer and POS knowledge
* Sales orientation and negotiation skills
* Problem\-solving ability
* Teamwork and adaptability


**Qualifications \& Experience**
* Minimum 10th / 12th pass (graduate preferred)
* 04 years of experience in retail or customer\-facing roles


**Performance Indicators (KPIs)**
* Customer satisfaction score
* Sales conversion rate / Average Bill Value (ABV)
* Billing accuracy
* Attendance and punctuality",Retail,https://in.linkedin.com/company/reliance-retail,https://media.licdn.com/dms/image/v2/C4E0BAQHM_iN30Rgv3w/company-logo_100_100/company-logo_100_100/0/1631307312115?e=2147483647&v=beta&t=0aVIacsATufIRcJR18WUij7uuBU9_zV-BYTJclL5lak,,,,,,,,,,,
li-4372728372,linkedin,https://www.linkedin.com/jobs/view/4372728372,,HR Operations Executive,Reliance Industries Limited,"Navi Mumbai, Maharashtra, India",2026-02-13,fulltime,,,,,,False,associate,Human Resources,,,"**Company Overview**
 Reliance New Energy envisions becoming one of the world's leading New Energy and New Materials companies over the next 15 years. Our business is based on Carbon Recycle and Circular Economy principles, presenting a multi\-trillion dollar opportunity for India and the world. Our mission is to make clean and green energy affordable and accessible for every Indian, enterprise, and utility, contributing to the fight against climate change. Headquartered in Navi Mumbai, Maharashtra, our company employs over 10001\+ people and operates within the Oil and Gas industry. Visit our website at careers.ril.com/newenergy/ for more information.
   

  

**Job Overview**
 The HR Operations Executive will be responsible for managing and streamlining HR operations, including HRIS management, onboarding, and offboarding processes. This full\-time position is based in Navi Mumbai. The ideal candidate will possess strong operational capabilities, Excel skills, and analytical thinking.
   

  

**Qualifications And Skills**
* Proficiency in HRIS management for accuracy and data integrity
* Experience with onboarding processes, ensuring smooth transitions for new employees
* Expertise in managing offboarding processes while maintaining compliance standards
* Operational skills to handle day\-to\-day HR tasks effectively
* Advanced proficiency in Microsoft Excel for data management and reporting
* Strong analytical thinking to interpret HR metrics and provide insights
* Excellent communication skills to liaise with teams and stakeholders
* Ability to handle sensitive information with the utmost confidentiality


**Roles And Responsibilities**
* Manage and maintain the HRIS, ensuring data accuracy and system efficiency
* Coordinate onboarding processes for new hires, ensuring all paperwork and training are completed
* Oversee offboarding procedures, including exit interviews, documentation, and compliance
* Implement and improve operational HR processes to enhance efficiency
* Generate HR reports and analytics to support management decision\-making
* Collaborate with various departments to support HR initiatives and programs
* Maintain employee records, ensuring all data is up\-to\-date and secure
* Assist in the development and implementation of HR policies and procedures",Oil and Gas,https://in.linkedin.com/company/reliance,https://media.licdn.com/dms/image/v2/C560BAQGL2p38Nc6Qkg/company-logo_100_100/company-logo_100_100/0/1661518370542/reliance_logo?e=2147483647&v=beta&t=e4NmhlSkhg2caAh_-xoMrtdjSvxY8gaMtLs8qbWZ5Pk,,,,,,,,,,,
li-4372008292,linkedin,https://www.linkedin.com/jobs/view/4372008292,,Digital Marketing Strategist,Google,"Gurugram, Haryana, India",2026-02-13,fulltime,,,,,,False,not applicable,"Sales, Advertising, and Marketing",,,"Note: By applying to this position you will have an opportunity to share your preferred working location from the following:
 **Gurugram, Haryana, India; Hyderabad, Telangana, India** 
 .
 **Minimum qualifications:**
* Bachelor's degree or equivalent practical experience.
* 2 years of experience working with digital media or digital marketing/advertising solutions, implementing and measuring campaigns and providing client solutions.


**Preferred qualifications:**
* Experience in managing insights, analytics, client management or consulting projects, driving customer success across cross\-functional stakeholders.
* Experience in implementing, optimizing and managing digital advertising campaigns, as well as managing complex, transformative solutions with clients.
* Experience in cross\-functional and multi\-layered stakeholder project management, and driving complex business outcomes and customer solutions through collaboration.
* Ability to operate and understand client needs.
* Ability to be comfortable with ambiguity and complexity.
* Passion for creating and sharing best practices to encourage a learning by sharing culture.


**About The Job**
 Businesses of all shapes and sizes rely on Google’s unparalleled advertising solutions to help them grow in today's dynamic marketing environment. You bring a passion for sales, knowledge of online media, and commitment to maximize customer success. You act like an owner, move with velocity through change, finding innovative and strategic ways to consistently deliver extraordinary and incremental outcomes for both Google and your customers. You build trusted relationships with customers, uncovering their business needs and translating them into powerful solutions to achieve their most ambitious goals. You achieve as a team with sellers, shape the future of advertising in the AI\-era, and make a real impact on the millions of companies and billions of users that trust Google with their most important goals.
   

  

 Google creates products and services that make the world a better place, and gTech’s role is to help bring them to life. Our teams of trusted advisors support customers globally. Our solutions are rooted in our technical skill, product expertise, and a thorough understanding of our customers’ complex needs. Whether the answer is a bespoke solution to solve a unique problem, or a new tool that can scale across Google, everything we do aims to ensure our customers benefit from the full potential of Google products.
   

  

 To learn more about gTech, check out our video .
   

  

**Responsibilities**
* Drive high\-impact across markets, customers and stakeholders through strategic multidimensional problem\-solving and cross\-functional collaboration, delivering an excellent experience to clients.
* Drive decision\-making and thought leadership in sales enabling business, performance growth through systematic interventions, and also ensure the client portfolio sustains effective business growth.
* Develop advanced frameworks and customer solutions, marketing objective solutions based on Highly Qualified Lead ( HQL), High\-Value Segments (HVS) and help activate these with the right customers for long\-term trust and value. Look at opportunities to scale these across businesses and markets.
* Support the Management team in advocating culture for the team, providing coaching or mentorship to the wider team, and act as a trusted advisor with key stakeholders in driving critical business discipline activities such as workflow, pipeline, vendor utilization, product activation, and people pillars.


 Google is proud to be an equal opportunity workplace and is an affirmative action employer. We are committed to equal employment opportunity regardless of race, color, ancestry, religion, sex, national origin, sexual orientation, age, citizenship, marital status, disability, gender identity or Veteran status. We also consider qualified applicants regardless of criminal histories, consistent with legal requirements. See also Google's EEO Policy and EEO is the Law. If you have a disability or special need that requires accommodation, please let us know by completing our Accommodations for Applicants form .","Information Services and Technology, Information and Internet",https://www.linkedin.com/company/google,https://media.licdn.com/dms/image/v2/D4E0BAQGv3cqOuUMY7g/company-logo_100_100/B4EZmhegXHGcAU-/0/1759350753990/google_logo?e=2147483647&v=beta&t=zYekdwB_mnXarr4wa4kw8w3Jikm8YaakM5aiDyAyvP0,,,,,,,,,,,
li-4372019157,linkedin,https://www.linkedin.com/jobs/view/4372019157,,"Media Manager, Marketing",Google,"Gurugram, Haryana, India",2026-02-13,fulltime,,,,,,False,not applicable,"Sales, Advertising, and Marketing",,,"**Minimum qualifications:**
* Bachelor's degree or equivalent practical experience.
* 4 years of experience in \[growth, performance, direct response, social, digital, cloud, events, etc.] marketing.
* Experience working cross\-functionally with various stakeholders and teams.


**Preferred qualifications:**
* Experience in managing integrated advertising (online and offline) for large clients in India.
* Understanding of the India marketing landscape, including consumer trends, media channels, and ecosystems.
* Proficiency in media, measurement, Google and other media platforms.
* Ability to demonstrate measurable impact of campaign strategy and integrated media optimization toward business goals.
* Ability to articulate the key use cases for using AI in media and interest in AI for media and marketing.
* Excellent communication and people management skills.


**About The Job**
 As a Creative in Marketing, you bring visual, design, written and experiential acumen to Google products and services, presented across all major media, content, channels, and experiences. You have the ability to perform your role in a flexible, ever\-changing environment and must be open to new influences and inspiration. You will work with a deeply cross\-functional team and inspire a team of vendor partners by sharing ideas and developing effective solutions to generate multiple concepts supporting all forms of major media. You will be equally comfortable making; rolling up your sleeves and designing, mocking, writing, or prototyping; showing, not telling. Above all, you will inspire and lead by example by making the most of every opportunity to develop breakthrough creative, consistent with the Google Marketing brand, and be able to take and provide clear direction and creative feedback that pushes work forward.
   

  

 Know the user. Know the magic. Connect the two. At its core, marketing at Google starts with technology and ends with the user, bringing both together in unconventional ways. Our job is to demonstrate how Google's products solve the world's problems\-\-from the everyday to the epic, from the mundane to the monumental. And we approach marketing in a way that only Google can\-\-changing the game, redefining the medium, making the user the priority, and ultimately, letting the technology speak for itself.
   

  

**Responsibilities**
* Serve as the principal media authority for selected Google products in India, providing strategic oversight to media agencies.
* Guide large\-scale brand and performance programs, driving campaign strategies and maintaining an integrated test and learn agenda to maximize business impact and Return on Investment (ROI).
* Establish processes for managing complex media campaigns across social, on\-network, and off\-network channels to deliver a seamless, full\-funnel consumer experience.
* Provide expert media leadership through engaged assessments and benchmarking, formulating authoritative point of view that push boundaries in integrated advertising and digital innovation.
* Lead external media agency partners to achieve operational excellence while collaborating on forward\-thinking solutions that leverage the latest media features and ad technologies.


 Google is proud to be an equal opportunity workplace and is an affirmative action employer. We are committed to equal employment opportunity regardless of race, color, ancestry, religion, sex, national origin, sexual orientation, age, citizenship, marital status, disability, gender identity or Veteran status. We also consider qualified applicants regardless of criminal histories, consistent with legal requirements. See also Google's EEO Policy and EEO is the Law. If you have a disability or special need that requires accommodation, please let us know by completing our Accommodations for Applicants form .","Information Services and Technology, Information and Internet",https://www.linkedin.com/company/google,https://media.licdn.com/dms/image/v2/D4E0BAQGv3cqOuUMY7g/company-logo_100_100/B4EZmhegXHGcAU-/0/1759350753990/google_logo?e=2147483647&v=beta&t=zYekdwB_mnXarr4wa4kw8w3Jikm8YaakM5aiDyAyvP0,,,,,,,,,,,
li-4371797854,linkedin,https://www.linkedin.com/jobs/view/4371797854,https://careers.google.com/jobs/results/74211355271275206-digital-marketing-strategist/?src=Online/LinkedIn/linkedin_us&utm_source=linkedin&utm_medium=jobposting&utm_campaign=contract&urlHash=PKBZ,Digital Marketing Strategist,Google,"Bengaluru, Karnataka, India",2026-02-13,fulltime,,,,,,False,not applicable,"Sales, Advertising, and Marketing",,,"**Minimum qualifications:**
* Bachelor's degree or equivalent practical experience.
* 2 years of experience working with digital media or digital marketing/advertising solutions, implementing and measuring campaigns and providing client solutions.


**Preferred qualifications:**
* Experience in managing Insights, Analytics, Client management or Consulting oriented projects managing customer success across cross\-functional stakeholders.
* Experience in cross\-functional and multi\-layered stakeholder Project Management, with a proven track record of managing complex business outcomes and customer solutions through collaboration.
* Expertise in implementing, optimizing and managing digital advertising campaigns, as well as managing transformative solutions with clients with a track record in investigative, problem\-solving projects.
* Ability to operate, and understand client needs. Comfortable with ambiguity and complexity, passion to create and share best practices to encourage a learning by sharing culture.


**About The Job**
 Businesses of all shapes and sizes rely on Google’s unparalleled advertising solutions to help them grow in today's dynamic marketing environment. You bring a passion for sales, knowledge of online media, and commitment to maximize customer success. You act like an owner, move with velocity through change, finding innovative and strategic ways to consistently deliver extraordinary and incremental outcomes for both Google and your customers. You build trusted relationships with customers, uncovering their business needs and translating them into powerful solutions to achieve their most ambitious goals. You achieve as a team with sellers, shape the future of advertising in the AI\-era, and make a real impact on the millions of companies and billions of users that trust Google with their most important goals.
   

  

 In this role, you will build trusted relationships with customers, uncovering their business needs and translating them into powerful solutions to achieve their goals. You will act as an owner, move with velocity through change, finding innovative and strategic ways to consistently deliver outcomes for both Google and customers. You will achieve as a team with promoters, shape the future of advertising, and make an impact on companies and users that trust Google with their most important goals.
   

  

 Google creates products and services that make the world a better place, and gTech’s role is to help bring them to life. Our teams of trusted advisors support customers globally. Our solutions are rooted in our technical skill, product expertise, and a thorough understanding of our customers’ complex needs. Whether the answer is a bespoke solution to solve a unique problem, or a new tool that can scale across Google, everything we do aims to ensure our customers benefit from the full potential of Google products.
   

  

 To learn more about gTech, check out our video .
   

  

**Responsibilities**
* Drive across Markets, Customers and Stakeholders through strategic multi\-dimensional problem\-solving and cross\-functional collaboration, delivering an excellent experience to Google's clients.
* Drive decision\-making and thought\-leadership with Sales in enabling business/performance growth through systematic interventions, and also ensure the client portfolio sustains effective business growth.
* Develop advanced frameworks and customer solutions (MO based solutions based on HQL/HVS) and help activate these with the right customers for long term trust and value; look at opportunities to scales these across businesses and markets.
* Be the subject matter expert in the region/business model. Elevate complex multi\-quarter projects by pitching/suggesting new proposals and lead project planning, project groups and execution.


 Google is proud to be an equal opportunity workplace and is an affirmative action employer. We are committed to equal employment opportunity regardless of race, color, ancestry, religion, sex, national origin, sexual orientation, age, citizenship, marital status, disability, gender identity or Veteran status. We also consider qualified applicants regardless of criminal histories, consistent with legal requirements. See also Google's EEO Policy and EEO is the Law. If you have a disability or special need that requires accommodation, please let us know by completing our Accommodations for Applicants form .","Information Services and Technology, Information and Internet",https://www.linkedin.com/company/google,https://media.licdn.com/dms/image/v2/D4E0BAQGv3cqOuUMY7g/company-logo_100_100/B4EZmhegXHGcAU-/0/1759350753990/google_logo?e=2147483647&v=beta&t=zYekdwB_mnXarr4wa4kw8w3Jikm8YaakM5aiDyAyvP0,,,,,,,,,,,
li-4372726460,linkedin,https://www.linkedin.com/jobs/view/4372726460,,Onboarding Operations Executive,Reliance Industries Limited,"Navi Mumbai, Maharashtra, India",2026-02-13,contract,,,,,,False,mid-senior level,Human Resources,,,"Dear Applicant,
   

  

 Greetings of the day..!!
   

  

**Purpose**
 To ensure seamless onboarding of selected candidates by managing post\-selection operations, stakeholder coordination, and compliance processes.
   

  

**Please note: The position will be on third party payroll**
**Key Accountabilities**
* Manage post\-selection onboarding lifecycle till Day\-1 joining
* Coordinate with TA, HR Ops, IT, Admin, Finance, and vendors
* Ensure timely release of offer letters and appointment letters
* Handle Pre Joining Documentation and Compliance
* Oversee BGV and medicals
* Maintain accurate employee data in ATS/HRMS
* Prepare onboarding MIS, joining reports, and dashboards
* Ensure adherence to internal onboarding SOPs and audit requirements


**Competencies**
* Process orientation
* Stakeholder management
* High attention to detail
* Data accuracy \& compliance mindset",Oil and Gas,https://in.linkedin.com/company/reliance,https://media.licdn.com/dms/image/v2/C560BAQGL2p38Nc6Qkg/company-logo_100_100/company-logo_100_100/0/1661518370542/reliance_logo?e=2147483647&v=beta&t=e4NmhlSkhg2caAh_-xoMrtdjSvxY8gaMtLs8qbWZ5Pk,,,,,,,,,,,
li-4372712163,linkedin,https://www.linkedin.com/jobs/view/4372712163,,Account Executive - Talent Solutions,LinkedIn,,2026-02-13,fulltime,,,,,,False,entry level,Sales,,,"**Company Description**
 LinkedIn is the world’s largest professional network, built to create economic opportunity for every member of the global workforce. Our products help people make powerful connections, discover exciting opportunities, build necessary skills, and gain valuable insights every day. We’re also committed to providing transformational opportunities for our own employees by investing in their growth. We aspire to create a culture that’s built on trust, care, inclusion, and fun – where everyone can succeed.
   

  

 Join us to transform the way the world works.
   

  

**Job Description**
 At LinkedIn, our approach to flexible work is centered on trust and optimized for culture, connection, clarity, and the evolving needs of our business. The work location of this role is hybrid, meaning it will be performed both from home and from a LinkedIn office on select days, as determined by the business needs of the team.
   

  

 We are looking for a Talent Account Executive to join our team to tap into potential client opportunities and generating new business. You will be responsible for responding to inbound inquiries as well as blanketing your region with outbound activity. You will strategically approach target companies and teams, identify the best technology options and sell corporate solutions for recruitment. Although you strive to meet and exceed quota, you will always act in the best interest of the client.
   

  

**Responsibilities:**
* Prospect relentlessly to build pipeline and build strong personal relationships with prospects
* Create reliable forecasts and be completely transparent with management on the pipeline status
* Close new business consistently at or above quota level
* Develop and execute on a strategic plan for the territory and document and distribute competitive information
* Invest in colleagues and give coaching and advice when you see an opportunity for improvement
* Work to develop and circulate the set of best practices that will be the foundation of this team
* Listen to the needs of the market and share insights with product and marketing team
* Be proactive about solving problems even if it’s outside of your area and be ready to take on additional initiatives and responsibilities as they emerge
* Seek out opportunities to be a leader and do everything you can to help the company achieve its larger objectives
* Travel required (approximately 40% of the time)


**Qualifications**
**Basic Qualifications:**
* 3\+ years of applicable sales experience


**Preferred Qualifications:**
* Solution selling
* Ability to multithread and sell to different business stakeholders
* Experience in selling SaaS solutions
* Experience in handling CRM
* Demonstrate ability in managing CXO relationships and large enterprise accounts
* Knowledge of software contract terms and conditions with the ability to create fair transactions
* Strong negotiation and accurate forecasting skills
* Demonstrated ability to find, manage, and close high\-level business in an evangelist sales environment
* Ability to assess business opportunities and use data to inform decision\-making and persuade others
* Ability to manage a large number of prospect situations simultaneously while positioning company products against direct and indirect competitors.


**Suggested Skills:**
* Negotiation
* Forecasting
* Communication


**Additional Information**
**India Disability Policy**
 LinkedIn is an equal employment opportunity employer offering opportunities to all job seekers, including individuals with disabilities. For more information on our equal opportunity policy, please visit https://legal.linkedin.com/content/dam/legal/Policy\_India\_EqualOppPWD\_9\-12\-2023\.pdf
   

  

**Global Data Privacy Notice for Job Candidates**
 Please follow this link to access the document that provides transparency around the way in which LinkedIn handles personal data of employees and job applicants: https://legal.linkedin.com/candidate\-portal.","Technology, Information and Internet",https://www.linkedin.com/company/linkedin,https://media.licdn.com/dms/image/v2/C560BAQHaVYd13rRz3A/company-logo_100_100/company-logo_100_100/0/1638831590218/linkedin_logo?e=2147483647&v=beta&t=_PvUQac1LcQjfzQ33gtxFqjvIxBbtsM9ZqIxLs5QcFI,,,,,,,,,,,
li-4372230462,linkedin,https://www.linkedin.com/jobs/view/4372230462,,Area Manager- Group Business (Baroda),Aditya Birla Capital,"Gujarat, India",2026-02-13,fulltime,,,,,,False,mid-senior level,Sales and Business Development,,,"**Job Purpose**
 To drive sales growth by procuring retirement funds business from corporate clients across key segments including MNCs, Indian companies, banks, and state \& central public sector entities within the West Zone. The role focuses on business development for Group Fund business as the primary responsibility, while also generating leads for other Lines of Business (LOBs) such as Group Term Insurance, Group Credit Life, NPS, and other Aditya Birla Capital (ABC) entities.
   

  

**Key Responsibilities**
* Develop and execute strategies to acquire retirement funds business from corporate clients in key, mega, and PSU segments in the West Zone.
* Build and maintain strong relationships with decision\-makers in MNCs, Indian companies, banks, and public sector organizations.
* Identify and capitalize on business development opportunities within Group Fund products.
* Generate qualified leads for other LOBs like Group Term Insurance, Group Credit Life, NPS, and ABC entities to support cross\-selling efforts.
* Collaborate with internal teams to ensure smooth onboarding and service delivery.
* Achieve assigned sales targets and contribute to overall business growth in the region.


**Eligibility**
* Minimum 4 years of sales experience, preferably in financial services, insurance, or retirement fund business.
* Proven track record of business development and client acquisition in the corporate segment.
* Strong networking and relationship\-building skills with corporate clients.
* Excellent communication, negotiation, and presentation skills.
* Ability to work independently and as part of a team.
* Willingness to travel across the West Zone region as needed.",Financial Services,https://in.linkedin.com/company/aditya-birla-capital,https://media.licdn.com/dms/image/v2/D4D0BAQFRJbym_ZuGMA/company-logo_100_100/company-logo_100_100/0/1706788062189/aditya_birla_capital_logo?e=2147483647&v=beta&t=0lhxFTe0YKbPnNu1hoaR5avgQgWxa2Y1wTyGnAQL3c4,,,,,,,,,,,
li-4372006357,linkedin,https://www.linkedin.com/jobs/view/4372006357,https://careers.google.com/jobs/results/136236180583654086-digital-marketing-strategist/?src=Online/LinkedIn/linkedin_us&utm_source=linkedin&utm_medium=jobposting&utm_campaign=contract&urlHash=BOoO,Digital Marketing Strategist,Google,"Hyderabad, Telangana, India",2026-02-13,fulltime,,,,,,False,not applicable,"Sales, Advertising, and Marketing",,,"Note: By applying to this position you will have an opportunity to share your preferred working location from the following:
 **Gurugram, Haryana, India; Hyderabad, Telangana, India** 
 .
 **Minimum qualifications:**
* Bachelor's degree or equivalent practical experience.
* 2 years of experience working with digital media or digital marketing/advertising solutions, implementing and measuring campaigns and providing client solutions.


**Preferred qualifications:**
* Experience in managing insights, analytics, client management or consulting projects, driving customer success across cross\-functional stakeholders.
* Experience in implementing, optimizing and managing digital advertising campaigns, as well as managing complex, transformative solutions with clients.
* Experience in cross\-functional and multi\-layered stakeholder project management, and driving complex business outcomes and customer solutions through collaboration.
* Ability to operate and understand client needs.
* Ability to be comfortable with ambiguity and complexity.
* Passion for creating and sharing best practices to encourage a learning by sharing culture.


**About The Job**
 Businesses of all shapes and sizes rely on Google’s unparalleled advertising solutions to help them grow in today's dynamic marketing environment. You bring a passion for sales, knowledge of online media, and commitment to maximize customer success. You act like an owner, move with velocity through change, finding innovative and strategic ways to consistently deliver extraordinary and incremental outcomes for both Google and your customers. You build trusted relationships with customers, uncovering their business needs and translating them into powerful solutions to achieve their most ambitious goals. You achieve as a team with sellers, shape the future of advertising in the AI\-era, and make a real impact on the millions of companies and billions of users that trust Google with their most important goals.
   

  

 Google creates products and services that make the world a better place, and gTech’s role is to help bring them to life. Our teams of trusted advisors support customers globally. Our solutions are rooted in our technical skill, product expertise, and a thorough understanding of our customers’ complex needs. Whether the answer is a bespoke solution to solve a unique problem, or a new tool that can scale across Google, everything we do aims to ensure our customers benefit from the full potential of Google products.
   

  

 To learn more about gTech, check out our video .
   

  

**Responsibilities**
* Drive high\-impact across markets, customers and stakeholders through strategic multidimensional problem\-solving and cross\-functional collaboration, delivering an excellent experience to clients.
* Drive decision\-making and thought leadership in sales enabling business, performance growth through systematic interventions, and also ensure the client portfolio sustains effective business growth.
* Develop advanced frameworks and customer solutions, marketing objective solutions based on Highly Qualified Lead ( HQL), High\-Value Segments (HVS) and help activate these with the right customers for long\-term trust and value. Look at opportunities to scale these across businesses and markets.
* Support the Management team in advocating culture for the team, providing coaching or mentorship to the wider team, and act as a trusted advisor with key stakeholders in driving critical business discipline activities such as workflow, pipeline, vendor utilization, product activation, and people pillars.


 Google is proud to be an equal opportunity workplace and is an affirmative action employer. We are committed to equal employment opportunity regardless of race, color, ancestry, religion, sex, national origin, sexual orientation, age, citizenship, marital status, disability, gender identity or Veteran status. We also consider qualified applicants regardless of criminal histories, consistent with legal requirements. See also Google's EEO Policy and EEO is the Law. If you have a disability or special need that requires accommodation, please let us know by completing our Accommodations for Applicants form .","Information Services and Technology, Information and Internet",https://www.linkedin.com/company/google,https://media.licdn.com/dms/image/v2/D4E0BAQGv3cqOuUMY7g/company-logo_100_100/B4EZmhegXHGcAU-/0/1759350753990/google_logo?e=2147483647&v=beta&t=zYekdwB_mnXarr4wa4kw8w3Jikm8YaakM5aiDyAyvP0,,,,,,,,,,,
li-4372232451,linkedin,https://www.linkedin.com/jobs/view/4372232451,,Staff - Process (EFD),GRASIM INDUSTRIES LIMITED ( ADITYA BIRLA GROUP),"Gujarat, India",2026-02-13,fulltime,,,,,,False,entry level,Management and Manufacturing,,,"**Job Responsibility/Specific Skill Set**
* Basic Knowledge of mass transfer \- heat transfer
* Knowledge of pumps, compressor, evaporator
* Manpower handling
* Awareness of PTW \& other standards
* Basic knowledge of process safety


**Company Overview:** 
 Birla Cellulosic, Kharach is a leading company in the Pulp \& Fibre industry, providing high\-quality products and solutions to its customers. With a strong focus on innovation and sustainability, Birla Cellulosic is committed to delivering excellence in all aspects of its operations.
   

  

**Role Overview:** 
 The FLO Process Engineer will be responsible for ensuring efficient and safe operation of the process equipment, including pumps, compressors, and evaporators. The role requires a basic knowledge of mass transfer, heat transfer, and process safety. Additionally, the FLO Process Engineer will be responsible for manpower handling and ensuring compliance with PTW and other standards.",Manufacturing,https://in.linkedin.com/company/www.grasim.com,https://media.licdn.com/dms/image/v2/C4D0BAQG0np199hUxfg/company-logo_100_100/company-logo_100_100/0/1654250749830?e=2147483647&v=beta&t=7BJanBXqwYNoBIloLKfRWyo3ez4dWxWCl4WkBmG_K9w,,,,,,,,,,,
li-4372721605,linkedin,https://www.linkedin.com/jobs/view/4372721605,,Talent Acquisition Specialist,Reliance Industries Limited,,2026-02-13,fulltime,,,,,,False,mid-senior level,Human Resources,,,"**Company Overview**
 Reliance New Energy, headquartered in Navi Mumbai, Maharashtra, aims to become one of the world's leading New Energy and New Materials companies. Embracing the principles of Carbon Recycle and Circular Economy, we strive to make clean and green energy affordable and accessible to all. We view our mission as a means to combat climate change while creating a multi\-trillion opportunity for India and the world. Reliance New Energy, a division of Reliance Industries Limited, has a strong workforce of over 10,000 employees.
   

  

**Job Overview**
 Reliance New Energy is seeking a mid\-level Talent Acquisition Specialist to join our team in Mumbai. The ideal candidate will have a minimum of 4 to a maximum of 6 years of relevant work experience. This is a full\-time position responsible for managing the entire recruitment process to ensure a seamless and efficient hiring experience. The role demands exceptional skills in sourcing, interviewing, and candidate assessment among others.
   

  

**Qualifications And Skills**
* Proven experience in recruitment with a minimum of 4 to 6 years of work experience.
* Exceptional sourcing skills, including advanced search techniques on various platforms. (Mandatory skill)
* Proficient in conducting interviews and assessing candidate capabilities. (Mandatory skill)
* Strong ability in candidate assessment to determine suitability and fit for specific roles.
* Expertise in talent pipelining to ensure continual availability of top\-tier candidates for future needs.
* Experience in employer branding strategies to attract high\-quality candidates.
* Excellent negotiation skills to manage offers and close positions effectively.


**Roles And Responsibilities**
* Conduct end\-to\-end recruitment activities, from job posting to candidate onboarding.
* Collaborate with hiring managers to understand job requirements and role expectations.
* Utilize advanced sourcing techniques to identify and attract top talent.
* Screen and interview potential candidates to assess cultural fit and competency.
* Develop talent pipelines to anticipate future hiring needs and reduce time\-to\-fill for positions.
* Manage employer branding initiatives to position Reliance New Energy as an employer of choice.
* Facilitate effective negotiation and closing of job offers to ensure candidate acceptance and satisfaction.
* Oversee onboarding process and ensure a seamless transition for new hires into the organization.",Oil and Gas,https://in.linkedin.com/company/reliance,https://media.licdn.com/dms/image/v2/C560BAQGL2p38Nc6Qkg/company-logo_100_100/company-logo_100_100/0/1661518370542/reliance_logo?e=2147483647&v=beta&t=e4NmhlSkhg2caAh_-xoMrtdjSvxY8gaMtLs8qbWZ5Pk,,,,,,,,,,,
li-4372008065,linkedin,https://www.linkedin.com/jobs/view/4372008065,,HR Executive,Unilever,"Rajahmundry, Andhra Pradesh, India",2026-02-13,fulltime,,,,,,False,mid-senior level,Human Resources,,,"**Job Title: HR Executive**
**Work Location: Rajahmundry Factory**
**About Unilever**
 With 3\.4 billion people in over 190 countries using our products every day, Unilever is a business that makes a real impact on the world. Work on brands that are loved and improve the lives of our consumers and the communities around us. We are driven by our purpose: to make sustainable living commonplace, and it is our belief that doing business the right way drives superior performance. At the heart of what we do is our people – we believe that when our people work with purpose, we will create a better business and a better world.
   

  

 At Unilever, your career will be a unique journey, grounded in our inclusive, collaborative, and flexible working environment. We don’t believe in the ‘one size fits all’ approach and instead we will equip you with the tools you need to shape your own future.
   

  

**FUNCTION INTRODUCTION**
 Human resource is a strategic function that facilitates effective people management practices. It helps organizations optimize their human capital to achieve their goals and objectives.
   

  

**Job Purpose**
 Co\-create inclusive performance culture and partner business at sourcing units by implementing the right Unit HR Strategy in line with the company's larger HR, ER and SC strategies, owning capability interventions to support business transformation, while maintaining cordial IR in the ecosystem ensuring business continuity.
   

  

**Job Responsibilities**
* Business Partnering:


 Assisting in executing the HR Strategy for the Unit. Guard and ensure the application of all Unilever Policies and governance requirements at Supply Units.
   

  

* Manpower Planning and Recruitment:


 Ensuring Manpower Availability of 100% Permanent and Contract Labour. Discipline Management: Tracking and Controlling Unauthorized Absenteeism. Assist the UHRM in designing key support systems – succession plans, mentoring schemes, coaching framework, induction programs etc. Identify sources of recruitment and maintain data bank of job aspirants. Facilitate recruitment, induction, and deployment of temporary workmen. Performance monitoring of new recruits to assess the effectiveness of the recruitment process. Organize induction training for new recruits including classroom, practical and on\-the\-job training. Co\-ordinate for appraisal reports of trainees, probationers and confirmed employees.
   

  

* Cultural development and change and communication at unit:


 Assist in Action planning and Driving major transformation initiatives like Unilever Manufacturing Systems (UMS), Future of Work etc. Drive Culture of Inclusion and improve representation on shopfloor w.r.t PwDs, Women and LGBTQ\+. Execute initiatives and projects aiming for site integration and collaborative work along the extended supply chain. Facilitate robust communication support, communication forums, team briefings, newsletters, etc. Establish connectivity with all levels of employees and get first\-hand information about Unit culture and develop change initiatives to set in the right culture.
   

  

* Learning management at unit:


 Facilitate Skill Mix Transformation at site through FoW Upskilling \& Reskilling Agenda as per Factory Master Plan (factory needs) Develop and Execute Annual Training Calendar and specify the learning objectives in line with business requirements. Facilitate preparation of Job rotation plans for on\-the\-job learning. Maintain data on learning activities. Maintain learning facilities and resources (eg technical training centre, learning centre). Coordinate with external/internal facilitators and institutions (ITI, CBWE, NGOs, etc.) Operate the evaluation system and provide feedback. Analyse evaluation and plan for improvements. Retention of key talent through capability building and defining career progression.
   

  

* Performance improvement and management at Unit


 Monitor PDP system for the executives and workers. Ensure compliance to quality requirements, processes, and timings. Facilitate Performance reviews for blue collar population. Manage Employee Exits and Performance Counselling.
   

  

* Managing Employee Relations \& Public Relations


 Maintain Harmonious, productive, and progressive employee relations while effectively managing Union expectations. Collective bargaining and wage negotiations – Execute Negotiation strategy under the guidance of the team. Maintain cordial relations with all workmen by regular formal and informal interaction with workmen / workmen groups and opinion leaders on the shop floor. Play vital role in all conflict resolution pertaining to workmen. Establish and manage relationships with external Government and Political bodies.
   

  

* CSR projects:


 Ensure execution of ‘Prabhat’ – Our program to develop sustainable ecosystems and communities at Site Level.
   

  

**What You Need To Succeed**
**EXPERIENCES AND QUALIFICATIONS**
* Essential Experience – 2 to 7 Years of experience
* Educational Qualification\- Post Graduate Diploma or equivalent in Personnel Management/ Human Resource Management.


**KEY SKILLS REQUIRED** 
 Union Management, Knowledge on statutory compliances, Stakeholder Management
   

  

**LEADERSHIP**
* You are energized by delivering fantastic results. You are an example to others – both your results and your resilience. You are constantly on the lookout for better ways to do things, engaging and collaborating with others along the way.
* As an individual you are the one responsible for your own wellbeing and delivering high standards of work. You must also focus on the Consumer and what they need. You are humble and have your head up, looking around to interpret evidence and data smartly, spot issues and opportunities to make things better.


**Critical SOL (Standards of Leadership) Behaviors**
* PERSONAL MASTERY: Sets high standards for themselves. Has emotional intelligence to take feedback, manage mood and motivations, and build empathy for others.
* PASSION FOR HIGH PERFORMANCE: Generates intensity and focus to motivate people to deliver results at speed. Takes personal responsibility and accountability for execution and results.
* TALENT CATALYST: Invests in people – coaches individuals and teams to realize their full potential. Creates an inclusive climate, empowering everyone to be at their best.
* PURPOSE \& SERVICE: Has humility, understanding that leadership is service to others, inside and outside Unilever.
* CONSUMER LOVE: Invests time inside and outside to understand the needs of consumers.
* BUSINESS ACUMEN: Creates sustainable growth with purpose, engaging different partners across the system for change.


**Our commitment to Equality, Diversity \& Inclusion**
 Unilever embraces diversity and encourages applicants from all walks of life! This means giving full and fair consideration to all applicants and continuing development of all employees regardless of age, disability, gender reassignment, race, religion or belief, sex, sexual orientation, marriage and civil partnership, and pregnancy and maternity.",Manufacturing,https://uk.linkedin.com/company/unilever,https://media.licdn.com/dms/image/v2/D4E0BAQEH2cARdsXBkw/company-logo_100_100/B4EZpzv3SDIUAQ-/0/1762878519078/unilever_logo?e=2147483647&v=beta&t=Lco3yoUZeQuOjPqR2_Sdsf3OD9jJ7ZwZyxkmik0EBmU,,,,,,,,,,,
li-4372002053,linkedin,https://www.linkedin.com/jobs/view/4372002053,https://www.adani.com/Opportunity/?utm_source=linkedin&utm_medium=jobboard#en/sites/CX_2023/job/35259&urlHash=5zbT,Section Incharge,Adani Electricity,"Jamnagar, Gujarat, India",2026-02-13,fulltime,,,,,,False,director,Management and Manufacturing,,,"**About Business**
**JOB DESCRIPTION**
**Adani Group:** 
 Adani Group is a diversified organisation in India comprising 10 publicly traded companies. It has created a world\-class logistics and utility infrastructure portfolio that has a pan\-India presence. Adani Group is headquartered in Ahmedabad, in the state of Gujarat, India. Over the years, Adani Group has positioned itself to be the market leader in its logistics and energy businesses focusing on large\-scale infrastructure development in India with O \& M practices benchmarked to global standards. With four IG\-rated businesses, it is the only Infrastructure Investment Grade issuer in India.
   

  

**Adani Energy Solutions Limited:** 
 Adani Energy Solutions Limited (AESL) is a leading player in India’s power transmission and energy infrastructure sector, enabling seamless and efficient energy flow across the nation. With a strong presence in both operational and under\-construction projects, AESL manages over 20,000 circuit kilometers of transmission lines and substations. As a part of the Adani Group, AESL is driven by the philosophy of \#GrowthWithGoodness, aiming to build a sustainable and resilient energy future. Through digital innovation, smart grid deployment, and a commitment to ESG excellence, AESL plays a vital role in strengthening India’s energy security and powering inclusive growth.
   

  

**Job Purpose:** 
 The Lead \- Projects Transmission Line (Site)\-Tx is responsible for ensuring the successful execution of high\-voltage (765/400 kV) transmission line projects, meeting productivity targets within specified timelines, budgets, and quality standards. This role is responsible for driving efficient site operations through effective team management, proactive planning, and quality control, while upholding stringent safety protocols to achieve a zero\-harm work environment. The Projects TL Lead (Site) works closely with contractors, vendors, and local authorities to resolve challenges, maintain regulatory compliance, and optimize project costs, ultimately ensuring each project’s seamless transition to completion within organizational standards.
   

  

**Responsibilities**
**Lead \- Projects Transmission Line (Site)\-Tx**
**Project Management**
 Drive successful project execution by handling a team of engineers effectively, ensuring timely delivery and quality standards as per approved Field Quality Plans (FQP) and IS Codes/CBIP manuals.
   

  

 Oversee planning and scheduling to meet commissioning targets by conducting regular project review meetings, identifying critical paths, and implementing resolutions to avoid delays.
   

  

 Generate and manage MIS reports by consistently tracking progress and providing regular updates to meet management reporting requirements.
   

  

 Identify and address potential bottlenecks early in the project lifecycle by applying proactive solutions to maintain seamless project flow.
   

  

 Process vendor bills efficiently by maintaining accurate records and ensuring timely approvals, thus supporting uninterrupted project progress.
   

  

**Compliance Management**
 Ensure complete adherence to statutory requirements and organizational safety protocols by implementing safety programs and conducting periodic quality checks at the site level.
   

  

 Safeguard the project from potential compliance risks by ensuring all site activities meet regulatory standards to avoid penalties and maintain a safe work environment for all site personnel.
   

  

 Conduct regular safety and quality training programs at the site to promote ongoing development within the project team.
   

  

**Liaison And Stakeholder Management**
 Strengthen communication and collaboration with vendors and contractors by conducting regular project meetings, identifying critical issues, and minimizing additional costs.
   

  

 Coordinate with local authorities for timely execution of shutdowns, crossings, and other critical project activities, maintaining compliance with regulations and securing required permissions.
   

  

 Foster effective interdepartmental relationships by engaging with all relevant stakeholders to ensure seamless project integration and successful delivery.
   

  

**Financial Management**
 Monitor project expenses closely by tracking budgets, managing resource allocation, and controlling cash flow to ensure adherence to financial targets.
   

  

 Maintain cost\-efficiency by overseeing budget allocations, minimizing additional costs, and regularly reviewing project costs against the approved budget.
   

  

**Risk Management**
 Ensure project safety and compliance by implementing rigorous safety protocols and conducting regular site inspections to identify and mitigate potential hazards.
   

  

 Minimize project disruptions by proactively identifying risks during project planning, allowing for timely intervention and resolution to maintain project timelines.
   

  

**Technology Integration And Innovation**
 Enhance operational efficiency by integrating advanced project management software and tools, enabling real\-time tracking of project progress and resource allocation.
   

  

 Drive innovation in project execution by researching and applying the latest technologies, resulting in improved project outcomes and cost\-effectiveness.
   

  

**Team Management**
 Provide assistance to the engineering team by setting clear objectives, monitoring performance, and enabling the team to achieve productivity and operational targets.
   

  

 Identify and fulfil training needs for team members by facilitating continuous learning programs and professional development opportunities to build technical and leadership skills.
   

  

 Foster a collaborative, results\-driven team environment by handling conflicts effectively, promoting teamwork, and encouraging respectful communication across the team.
   

  

**Key Stakeholders \- Internal**
 Projects
   

  

 Engineering
   

  

 HO
   

  

**Key Stakeholders \- External**
 STU
   

  

 CTU
   

  

 SLDC
   

  

 NRLDC
   

  

**Qualifications**
**Educational Qualification:**
 B.E./B.Tech. in Civil/Electrical/Mechanical Engineering.
   

  

**Work Experience (Range Of Years)**
 12\-15 years of experience in transmission line execution, with a strong focus on high\-voltage projects.
   

  

 Expertise in Right of Way (ROW) resolution.
   

  

 Proven experience in liaising with government authorities to secure regulatory and statutory approvals, ensuring compliance with all legal requirements.
   

  

 In\-depth knowledge of relevant standards, including IS5613 and the CBIP Manual, as well as strong familiarity with industry regulations and compliance protocols.",Utilities,https://in.linkedin.com/company/adani-electricity,https://media.licdn.com/dms/image/v2/D4D0BAQFDZllYZnXW8g/company-logo_100_100/company-logo_100_100/0/1681393495995/adani_electricity_logo?e=2147483647&v=beta&t=TgEQVkvuK0pA1IS6eqz1UYeUx-59i0gYzIIJGa5zkCs,,,,,,,,,,,
li-4372236492,linkedin,https://www.linkedin.com/jobs/view/4372236492,,Manager Sales- Cloud Products,Tata Communications,"Delhi, India",2026-02-13,fulltime,,,,,,False,mid-senior level,Sales,,,"**Designation** 
 Manager – Vayu Cloud Market Sales
 



**Location** 
 Delhi
 



**Team Direct Repartees:** 
 Individual Contributor
 



  





**About the Team and Function** 




 Vayu Cloud is a next\-generation cloud platform offering IaaS, PaaS, and AI to empower businesses with scalable, secure, and innovative infrastructure solutions. We are on a mission to revolutionize enterprise cloud adoption by combining performance, flexibility, and intelligence.
 











 We are looking for a results\-driven Cloud Sales professional to lead new customer acquisition in the enterprise and upper mid\-market segments, with a strong focus on partner\-driven growth. This role is ideal for someone who thrives in a high\-growth environment, understands the nuances of cloud adoption, and can build both direct and channel\-led sales motions.
 



 The candidate will play a key role in driving new logo and partner acquisition and will operate as a senior individual contributor.
 



**Key responsibilities include:** 



* Drive all sales activities for Vayu Cloud as a senior individual contributor for the assigned set of customers, focusing on cloud adoption and revenue growth.
* Take full ownership for achieving revenue and order booking targets for Vayu Cloud.
* Exceed enterprise sales targets and KPIs through strong pipeline generation, deal management, and accurate forecasting.
* Work closely with key partners, resellers, and MSPs to expand market reach and execute joint go\-to\-market motions.
* Support and execute outbound and inbound sales campaigns in alignment with marketing and alliances teams.
* Independently drive pipeline creation and progression, ensuring consistent movement toward closure.
* Understand prospective customers’ infrastructure challenges and position our cloud platform as a differentiated, value\-driven solution.
* Navigate complex sales cycles, build trust with CXO\-level stakeholders, and close high\-impact cloud deals.
* Maintain a strong and predictable sales pipeline using CRM systems and data\-driven tools.
* Lead multi\-stakeholder negotiations and close high\-value cloud contracts.
* Stay on top of market trends, competitor offerings, and evolving customer needs to uncover new opportunities and enhance win rates.



**Requirements** 



* 8\+ years of enterprise sales experience, with 4\+ years in cloud, SaaS, or technology sales.
* Deep understanding of cloud platforms (IaaS, PaaS, SaaS) and modern IT infrastructure.
* Exceptional communication, negotiation, and presentation skills.
* Ability to engage with C\-level stakeholders across IT and business functions.
* Experience with Salesforce.
* Minimum Bachelor of Engineering; MBA is optional.



  





**Preferred Qualifications** 




  




* Experience in selling cloud solutions in regulated or complex industries (e.g., finance, government).
* Familiarity with enterprise cloud migration, DevOps, AI/ML, and security solutions.
* Established network of enterprise decision\-makers and influencers.",Telecommunications and IT Services and IT Consulting,https://in.linkedin.com/company/tata-communication,https://media.licdn.com/dms/image/v2/C4D0BAQG6kp-RlIZfoA/company-logo_100_100/company-logo_100_100/0/1630501079201/tata_communication_logo?e=2147483647&v=beta&t=2URlEgFsbioI5n7wOX55LemtOYjRsC93ZrG6Ose6pnI,,,,,,,,,,,
li-4372189357,linkedin,https://www.linkedin.com/jobs/view/4372189357,,Digital Marketing Internship in Pune,FirstCry.com (BrainBees Solutions Ltd.),"Pune, Maharashtra, India",2026-02-13,internship,,,,,,False,internship,"Marketing, Writing/Editing, and Management",,,"**Selected Intern's Day\-to\-day Responsibilities Include**
 Assist in creating and distributing content for websites, blogs, Quora, Reddit, and other platforms.
   

  

* Research content ideas using online tools and Gen\-AI platforms.
* Support outreach efforts (blog comments, guest posting, community engagement).
* Work with internal teams to produce high\-quality, shareable content.
* Track and analyze content performance, prepare reports.
* Learn basics of SEO, GEO, and AEO — optimizing content for Google, AI search tools, and voice assistants.
* Stay updated on content marketing and digital trends.


 About Company: FirstCry is Asia's largest online shopping portal for kids and baby products with more than 2 Lac products and over 10 million plus happy customers. The company has been growing rapidly since its inception in 2010 from 4 members to more than 2000 employees and the trend continues. With the headquarters in Pune, it also has presence in Delhi, Bangalore, Mumbai \& Kolkata. The company is also expanding through the Franchise route, with more than 417\+ stores opened across various states in India making it the second largest player in offline stores.",Advertising Services and Writing and Editing,https://in.linkedin.com/company/firstcry,https://media.licdn.com/dms/image/v2/D4D0BAQGPnoqNPViHMg/company-logo_100_100/company-logo_100_100/0/1700635685596/firstcry_logo?e=2147483647&v=beta&t=jfMOo_29Eq_ovKG3sNMFG722FGVsk_JuCQDWSUWnBpE,,,,,,,,,,,
li-4371756259,linkedin,https://www.linkedin.com/jobs/view/4371756259,,Documentation Executive,Meril,"Vapi, Gujarat, India",2026-02-13,fulltime,,,,,,False,associate,Quality Assurance,,parijat.patel@merai.co,"**Job Title:** 




 Executive / Sr. Executive – Regulatory Documentation (Neonatal Medical Devices)
 



**Department:** 




 R\&D / Quality Assurance – Neonatal Division
 



**Location:** 




 Vapi, Gujarat
 



**Reports To:** 




 Manager / Senior Manager – R\&D / QA – Neonatal Segment
 



  





**Job Purpose:** 




 To prepare, maintain, and control structured technical, regulatory, and quality documentation for neonatal electro\-mechanical medical devices including incubators, radiant warmers, phototherapy units, Bubble CPAP systems, infant resuscitators, and physiological monitors.
 



 The role ensures compliance with CDSCO Medical Device Rules (MDR 2017\), ISO 13485, ISO 14971, IEC 60601 series, and other applicable standards, supporting regulatory approvals, audit readiness, and complete lifecycle traceability from design and development to commercialization.
 



  





**Key Responsibilities:** 




**1\. Regulatory \& Technical File Preparation** 




 • Prepare and maintain Technical Files in accordance with CDSCO Medical Device Rules (MDR 2017\).
 



 • Compile and manage Device Master Files (DMF), Plant Master Files (PMF), and regulatory submission dossiers.
 



 • Ensure documentation alignment with ISO 13485 Quality Management System requirements.
 



 • Support license applications, renewals, and regulatory submissions.
 



 • Maintain document readiness for CDSCO inspections and external audits.
 



  





  





**2\. Design History File (DHF) \& Design Control** 




 • Develop and maintain complete Design History Files (DHF) including design inputs, outputs, review records, verification, validation, and design transfer documents.
 



 • Establish and maintain traceability matrices linking design inputs to risk controls and V\&V evidence.
 



 • Support Engineering Change Requests (ECR) and Engineering Change Orders (ECO).
 



 • Ensure proper documentation of design reviews and approval records.
 



  





**3\. Risk Management Documentation** 




 • Prepare and update Risk Management Files in compliance with ISO 14971\.
 



 • Conduct and document hazard analysis, DFMEA/PFMEA, and risk\-benefit analysis.
 



 • Ensure mitigation measures are traceable to validation reports and labelling controls.
 



 • Update risk documentation based on field feedback, complaints, and CAPA.
 



  





**4\. System\-Level Documentation – Neonatal Electro\-Mechanical Devices** 




 • Document thermal regulation systems including servo control logic, heater performance validation, and temperature uniformity testing (Incubators \& Warmers).
 



 • Prepare airflow and respiratory system documentation for Bubble CPAP including flow accuracy, pressure stability, and humidity control.
 



 • Document alarm systems including safety classification, alarm logic, and performance validation.
 



 • Maintain sensor integration documentation (temperature probes, SpO₂, pressure sensors, physiological parameters).
 



 • Compile electrical safety and EMC compliance documentation as per IEC 60601 standards.
 



 • Maintain mechanical integration documentation including structural safety, enclosure design, and material compliance.
 



 • Coordinate software documentation (if applicable) aligned with IEC 62304 lifecycle requirements.
 



  





**5\. Verification \& Validation (V\&V) Documentation** 




 • Prepare V\&V protocols and reports covering performance, safety, electrical safety, EMC, environmental, and stress testing.
 



 • Support usability validation and human factor documentation (IEC 62366\).
 



 • Coordinate with internal labs and external test agencies for report compilation.
 



 • Ensure validation evidence supports regulatory submissions and audit compliance.
 



  





**6\. Product Specifications \& Labelling Control** 




 • Prepare and maintain product specifications, technical datasheets, and revision\-controlled engineering documentation.
 



 • Develop and review Instructions for Use (IFU), labelling, packaging details, and safety markings.
 



 • Ensure labelling compliance with CDSCO and applicable international regulatory requirements.
 



 • Maintain BOM documentation and document change control records.
 



  





**7\. Audit \& Lifecycle Compliance** 




 • Support ISO 13485 surveillance audits and regulatory inspections.
 



 • Maintain documentation traceability throughout product lifecycle.
 



 • Update technical files based on CAPA, field complaints, design changes, and regulatory updates.
 



 • Ensure structured document control within QMS/ERP/PLM systems.
 



  





**Qualifications and Experience:** 




 • B.E. / B. Tech in Mechanical, Electronics, or Biomedical Engineering.
 



 • 2–3 years of experience in medical device technical documentation.
 



 • Experience in neonatal, critical care, or life\-support medical devices preferred.
 



 • Strong knowledge of ISO 13485, ISO 14971, IEC 60601 series, and CDSCO Medical Device Rules.
 



 • Experience in preparing DHF, DMF, Technical Files, and risk management documentation.
 



  





  





  





**Skills and Competencies:** 




 • Strong technical writing and documentation structuring skills.
 



 • Deep understanding of electro\-mechanical medical device integration.
 



 • Knowledge of neonatal device clinical applications and safety requirements.
 



 • High attention to detail and regulatory interpretation capability.
 



 • Strong cross\-functional coordination skills (R\&D, QA, Regulatory, Production).
 



 • Proficiency in MS Office, document control systems, ERP/PLM tools.
 



  





**Key Performance Indicators (KPIs):** 




 • Timely completion of Technical Files and DHF documentation
 



 • Zero major documentation non\-conformities during audits
 



 • Regulatory submission success rate
 



 • Traceability accuracy across design and risk documentation
 



 • Reduction in audit observations related to documentation
 



 • Contribution to faster product approvals and commercialization readiness
 



  





 apply or refer to parijat.patel@merai.co",Medical Equipment Manufacturing and Medical Practices,https://in.linkedin.com/company/meril,https://media.licdn.com/dms/image/v2/D4D0BAQHdsSopU_HYFw/company-logo_100_100/B4DZn2FzI9HsAQ-/0/1760770343571/meril_logo?e=2147483647&v=beta&t=Ylwcf2aozsk0MoH-UBD1myyk8wm3X5G2EzwnjRmWjeM,,,,,,,,,,,
li-4372734199,linkedin,https://www.linkedin.com/jobs/view/4372734199,https://www.expertia.ai/reliance-newenergy/job/hiring-production-manager-69204df93f4c2520c73b93ee?utm_source=linkedin-jw&easy_apply=true&urlHash=n88b,Production Manager,Reliance Industries Limited,"Jamnagar, Gujarat, India",2026-02-13,fulltime,,,,,,False,mid-senior level,"Marketing, Public Relations, and Writing/Editing",,,"**Key Responsibilities**
 Plan improvement trials w.r.t higher throughput, change of raw material, better yield, lower energy
   

  

 consumption and new products \& packaging etc.in coordination with maintenance/CTS/product
   

  

 development and marketing group.
   

  

 Develop and implement EEDs covering plant and upstream and downstream units in coordination
   

  

 with CTS/maintenance and other plants.
   

  

 Track Leading and Lagging Indicators for Safe performance of plant and implement solutions to
   

  

 bridge the gap.
   

  

 Ensure correction of key repetitive process deviations and process failures through Root cause
   

  

 Analysis and also ensure that maintenance failures are addressed thru RCA
   

  

 Understanding of chiller systems, cooling towers, thermal heaters, demineralized water generation
   

  

 and di\-ionized water generation packages, multistage compression and distillation processes.
   

  

 Experience with distillation columns with re\-boilers, Vaporizer, multistage gas compression,
   

  

 Experience in Managing batch preparation systems, product storage and handling systems,
   

  

 loading and unloading, handling of Hazardous and toxic chemicals, cooling tower operations etc.
   

  

**Preferred Qualifications : B.E. with 10 Years of Relevant work experience or Diploma Engineering with 13 years of Relevant work experience .**",Oil and Gas,https://in.linkedin.com/company/reliance,https://media.licdn.com/dms/image/v2/C560BAQGL2p38Nc6Qkg/company-logo_100_100/company-logo_100_100/0/1661518370542/reliance_logo?e=2147483647&v=beta&t=e4NmhlSkhg2caAh_-xoMrtdjSvxY8gaMtLs8qbWZ5Pk,,,,,,,,,,,
li-4372214898,linkedin,https://www.linkedin.com/jobs/view/4372214898,,Accountant,H&M,"Bengaluru, Karnataka, India",2026-02-13,fulltime,,,,,,False,associate,Accounting/Auditing,,,"**Job Description**

**WHAT YOU'LL DO**




 As the Accountant you will be responsible for monthly and yearly closing, finance projects, online and marketplace accounting. You will be communicating with auditors and stakeholders internal and external for the responsible work areas.
   

  





 Key Responsibilities:
   

  





**Accounts management**



* Support in preparation of Financial statements in compliance with Local and IFRS.
* Primary SPOC for Revenue Audits and certification, tax audit etc.
* Ensuring TDS Compliance and timely reporting and filing
* Ensure monthly and year end activities are done on a timely basis
* Initiate and carry out general ledger account analysis, bank reconciliations etc.
* Liaison with Banking, Audit and other external agencies.



**Fixed Assets Management**



* Set routines for fixed asset tracking and depreciation calculations
* Ensure FAR is maintained as per the local statutory laws and as per the group guidelines
* Communicate with internal stakeholders for FA related queries
* Responsible for FA Audit
* Ensure physical verification of fixed assets as per the Companies Act requirements



**Finance Projects \& Online Accounting**



* Act as the SPOC for finance function in various automation and transformation projects, new business platform, store project launches, etc.
* Coordination with Global teams and business partners for communicating finance requirement in structured way to get the right solution delivered.
* Drive the finance conversations and communicate clearly the accounting/compliance landscape and
   

  

 keep the project team updated with relevant developments in micro/macro\-economic environments.



 Please click here for complete role description
   

  





**WHO YOU'LL WORK WITH**




 You drive the goals forward by collaborating with the Head of Finance \& Accounting, relevant business stakeholders, and other colleagues in the Finance \& Accounting team.
   

  





**WHO YOU ARE**




 To be successful as Senior Accountant we are looking for people with ....
   

  




* Strong Analytical ability
* 3 to 6 years of relevant experience, preferably CA qualified
* Ambitious and goal driven
* Strong team player
* Open minded \& willing to learn
* Getting motivated by results and seek business opportunities
* SAP Experience \- Preferably FICO\+ Material Management
* Advanced MS Office specially Excel and Power point. Power BI is an added advantage.
* Experience of Stakeholder Management roles, both Internal and External (Auditors/Banks etc.)



**WHO WE ARE** 
**​​** 





 H\&M Group is a global company of strong fashion brands and ventures. Our goal is to prove that there is no compromise between exceptional design, affordable prices, and sustainable solutions. We want to liberate fashion for the many, and our customers are at the heart of every decision we make.​ ​
   

  





 We are made up of thousands of passionate and talented colleagues united by our shared culture and values. Together, we want to use our power, our scale, and our knowledge to push the fashion industry towards a more inclusive and sustainable future. ​ ​
   

  





**WHY YOU’LL LOVE WORKING HERE** 
**​​** 





 At H\&M Group, we are proud to be a vibrant and welcoming company. We offer our employees attractive benefits with extensive development opportunities around the globe. ​​
   

  




* You will receive 25% off H\&M Group brands; H\&M, COS, Monki, Weekdays, Arket, \& Other Stories
* We are an inclusive company where you are encouraged to be yourself at work


**Additional Information**

 This is a full\-time position, reporting to Head of Finance \& Accounting.
   

  





 Apply by sending in your CV in English as soon as possible, but no later than
 **February 26th, 2026** 
 . Due to data policies, we only accept applications through career page.",Retail,https://se.linkedin.com/company/h&m,https://media.licdn.com/dms/image/v2/C4E0BAQHq33akTF76eA/company-logo_100_100/company-logo_100_100/0/1679061166847/hm_logo?e=2147483647&v=beta&t=EJEWNoFmNEh77Ma_WEkty8xBK6yX37uTMl7HVNRiP0U,,,,,,,,,,,
li-4372737005,linkedin,https://www.linkedin.com/jobs/view/4372737005,,Supply Planning Manager,Reliance Industries Limited,"Jamnagar, Gujarat, India",2026-02-13,fulltime,,,,,,False,director,Supply Chain,,,"**Job Description**
 The Supply Planner plays a crucial role in optimizing business profitability through effective supply, procurement, and manufacturing planning as part of the S\&OP process. Acting as the main point of contact for all markets, they ensure timely fulfilment of customer requirements by leading supply and MRP reviews, developing the S\&OP process, and maintaining optimal inventory levels. The role involves close collaboration with various teams, including Supply Chain, Manufacturing, Marketing, Quality, Regulatory, and Finance. The Supply Planner is responsible for adherence to production plans, developing replenishment models, and analysing S\&OP metrics for delivery performance and inventory management. Strong analytical, communication, and leadership skills are essential for success in this role.
   

  

**Job Accountabilities (Duties And Responsibilities)**
 Lead and facilitate Supply and MRP reviews with stakeholders to achieve planning metrics such as DIFOT, Inventory, and Turnover.
   

  

 Drive the development and implementation of the Sales \& Operations Planning (S\&OP) process across the organization.
   

  

 Ensure adherence to agreed production plans and monitor supply fill rates while reporting deviations.
   

  

 Release production plans to operations and prepare dispatch plans according to demand and production schedules.
   

  

 Develop replenishment models based on market dynamics and supply constraints for efficient inventory management.
   

  

 Collaborate with cross\-functional teams including Supply Chain, Manufacturing, Marketing, Quality, Regulatory, and Finance to ensure seamless product delivery to the market.
   

  

 Coordinate with outbound logistics to achieve timely delivery targets and maintain communication channels for effective execution.
   

  

 Proactively drives goal attainment and enhances forecast accuracy through initiative, ensuring results\-focused outcomes.
   

  

 Maximizes commitments versus actuals, monitors key performance indicators (KPIs) proactively, and contributes to optimizing requirements versus commitments, fostering efficient supply chain interactions.
   

  

**Functional**
**Skills Required (Knowledge and Skills)**
 Proficient in structured communication, capable of effectively presenting to individuals and groups of varying sizes.
   

  

 Familiarity with advanced Excel and other forecasting tools, facilitating data analysis and informed decision\-making.
   

  

**Behavioural**
 Strong decision\-making skills, enabling the ability to resolve complex issues efficiently.
   

  

 Effective negotiation abilities for successful collaboration and conflict resolution.
   

  

 Excellent planning and organizing skills to manage tasks and resources effectively.
   

  

 Capable of gathering, organizing, and assessing data to address complex problems methodically.
   

  

 Self\-motivated, highly adaptable, and adept at performing under pressure in a dynamic work environment.
   

  

**Special Skill**
 Demonstrated expertise in demand planning within industries such as Solar, Electronics, Pharma, or similar make\-to\-order supply chain environments.
   

  

 Up\-to\-date understanding of contemporary supply chain management methodologies and best practices.
   

  

 Possession of APICS certification showcasing advanced proficiency in supply chain management principles.
   

  

 Proficiency in SAP APO/SCM systems and experience in utilizing various process tools, coupled with a comprehensive understanding of global benchmarks.
   

  

**Key Attributes**
 Proficiency in maximizing commitments versus actuals, ensuring alignment between projected and achieved outcomes.
   

  

 Strong focus on analysing and optimizing overall requirements versus commitments, driving efficiency throughout the supply chain.
   

  

 Skill in inventory optimization, contributing to shared key performance indicators (KPIs) for enhanced operational performance.
   

  

**Experience**
 Total Experience: 7\-10 years
   

  

**Qualification**
 Essential Qualification: Bachelors degree in Engineering / Science / Commerce
   

  

 Desired Qualification: Masters Degree in Operations Management / Logistics / Operations Research / Supply Chain / Materials Management",Oil and Gas,https://in.linkedin.com/company/reliance,https://media.licdn.com/dms/image/v2/C560BAQGL2p38Nc6Qkg/company-logo_100_100/company-logo_100_100/0/1661518370542/reliance_logo?e=2147483647&v=beta&t=e4NmhlSkhg2caAh_-xoMrtdjSvxY8gaMtLs8qbWZ5Pk,,,,,,,,,,,
li-4372232951,linkedin,https://www.linkedin.com/jobs/view/4372232951,https://app.turbohire.co/job/publicjobs/BB9YjjWH3J01nOCi8ty8LKAc6SJlJhKzbcGo9OD0BvcY3adKxn1dIQAECwwfvqQ7?so=li&urlHash=xuOI,Senior Area Sales Executive,Britannia Industries Limited,"Tirunelveli, Tamil Nadu, India",2026-02-13,fulltime,,,,,,False,mid-senior level,Sales and Business Development,,,"EducationalQualification: Graduate/Post Graduate Desired Competencies: Market Execution,Business Development, Channel Partner Management, Selling and Negotiation.
   

  

 KeyResponsibilities: Ensure Achievement Of Secondary Sales Targets
   

  

* SettingObjectives For AW
* BreakingObjectives For AWSM (Beat\-Wise)
* EnsureCommunication Of Objectives To AW
* PeriodicTracking Of Objectives


 AW Management
   

  

* Align,Support \& Motivate AW To Meet Business Objectives
* EnsureAdequate Infrastructure \& Systems
* Actas a Commercial Interface Between AW \& BIL


 Coach, Manage \&Evaluate AWSM Performance
   

  

* CoachAWSM On BIL Best Practices \& WOW
* TrainAWSM On Sales Call Process
* EvaluateTheir Performance Periodically
* ProvideOn The Job Support / Guidance For Addressing Territory Specific Issues


 Ensure AdequateService Level In Market \& Build Business In Existing \& New Outlets
   

  

* EnsureAdequate Servicing At Dealer Points
* MaintainRelations With Existing Dealers
* IncreaseThe Depth And Width Per Dealer
* ProspectNew Outlets
* PerformActivations As Per Decided By ASM


 Execute VisibilityImplementation \& Merchandizing
   

  

* EnsureAdherence To Plan\-O\-Gram
* EnsureExecution Of Primary \& Secondary Merchandizing
* EnsureExecution Of Visibility Implementation


 Implement Launch OfNew Consumer Promos / Trade Schemes \& New Products
   

  

* OperationalizeNew Product Through Communication \& Sampling
* EffectivelyCommunicate Schemes To AWSM To Ensure Right Sell\-In At The Dealer Point
* Track\& Review Performance Of New Products / Schemes


 Market Intelligence
   

  

* Collect\& Report Required Market Information On Competitor Activities LikePromotions (Trade \& Consumer), Service Day, Off\-Take, Prices, New Launches,Visibility etc


 Maintain Records\& Systems
   

  

* PJPData
* MISReporting
* EnsureHub Of UDAAN


 Represent BritanniaFor Consumer Complaints
   

  

* VisitConsumer to Address \& Sort Quality Complaints.
* InformQuality About Status Of Complaint",Manufacturing,https://in.linkedin.com/company/britannia-industries-limited,https://media.licdn.com/dms/image/v2/C510BAQEDR0KehvPORg/company-logo_100_100/company-logo_100_100/0/1630579076529/britannia_industries_limited_logo?e=2147483647&v=beta&t=GH6eMx1kvmY28S8JjjBRwCP9gYEGfCRDvWCt85Y35xE,,,,,,,,,,,
li-4372733375,linkedin,https://www.linkedin.com/jobs/view/4372733375,,Manager Finance & Accounting,Reliance Industries Limited,"Jamnagar, Gujarat, India",2026-02-13,fulltime,,,,,,False,associate,Accounting/Auditing and Finance,,,"**Job Responsibility**
* Ensure day\-to\-day material accounting related to production, Raw Material consumption, and Scrap


 Posting.
   

  

* Reconciliation of Production data as per Operation team with SAP.
* Ensure Material form in PAS systems are daily updated and reconciled with SAP \& Operation data.
* Maintain Standard costing at the beginning of the month.
* Ensure all cost related to production are booked properly to ensure proper actual cost calculation at


 the time of Material ledger run.
   

  

* Preparation of MIS related to Budget Vs Actual production data and cost along with variance.",Oil and Gas,https://in.linkedin.com/company/reliance,https://media.licdn.com/dms/image/v2/C560BAQGL2p38Nc6Qkg/company-logo_100_100/company-logo_100_100/0/1661518370542/reliance_logo?e=2147483647&v=beta&t=e4NmhlSkhg2caAh_-xoMrtdjSvxY8gaMtLs8qbWZ5Pk,,,,,,,,,,,
li-4372000202,linkedin,https://www.linkedin.com/jobs/view/4372000202,,Senior Category Manager,Unacademy,"Bangalore Urban, Karnataka, India",2026-02-13,fulltime,,,,,,False,mid-senior level,Product Management,,,"The
 **Senior Category Manager** 
 will be responsible for managing the product lifecycle, from ideation to execution, ensuring that our offerings meet the highest standards and cater to the needs of students preparing for these competitive exams. This role involves strategic planning, market analysis, product development, and close collaboration with various teams to achieve business objectives.
 



  





**Key Responsibilities:** 




  




1. **Category Strategy** 
 : Develop and implement a comprehensive strategy for the specific category, aligning with the company’s goals and market trends.
2. **Market Analysis:** 
 Conduct detailed market research and competitive analysis to identify opportunities and areas for improvement.
3. **Category Development:** 
 Collaborate with subject matter experts and the product development team to create high\-quality educational content and tools for Category preparation.
4. **Vendor Management:** 
 Manage relationships with content providers, educators, and other stakeholders to ensure the delivery of superior products.
5. **Sales \& Marketing:** 
 Work closely with sales and marketing teams to develop effective go\-to\-market strategies, promotional plans, and pricing strategies.
6. **Performance Tracking:** 
 Monitor the performance of the specific category using key metrics and analytics, making data\-driven decisions to enhance growth.
7. **Customer Insights:** 
 Collect and analyze feedback from students and educators to inform product enhancements and innovations.
8. **Budget Management:** 
 Oversee category budgets and forecasts to ensure financial objectives are met.
9. **Cross\-Functional Collaboration:** 
 Partner with other departments such as sales, marketing, finance, and operations to achieve category goals.",E-Learning Providers,https://in.linkedin.com/company/unacademy,https://media.licdn.com/dms/image/v2/C560BAQGiWBwKAnC5Yw/company-logo_100_100/company-logo_100_100/0/1646650883502?e=2147483647&v=beta&t=0BgnXEYNeu1u5jr1yBhGDfK53pgOrzUPxQ5mn2fibxU,,,,,,,,,,,
li-4372218659,linkedin,https://www.linkedin.com/jobs/view/4372218659,https://careers.cisco.com/global/en/job/CISCISGLOBAL2007439EXTERNALENGLOBAL/Quality-Engineer?utm_source=linkedin&utm_medium=phenom-feeds&urlHash=jPRZ,Quality Engineer,Cisco,"Bengaluru, Karnataka, India",2026-02-13,fulltime,,,,,,False,mid-senior level,Quality Assurance,,,"**Meet The Team**
 Join our dynamic Product \& Supplier Quality organization dedicated to driving quality excellence for advanced silicon and networking solutions. Our team collaborates globally with cross\-functional partners, OSAT providers, and customers to deliver high\-impact quality outcomes across the product lifecycle.
   

  

**Your Impact**
 As the Senior Product \& Supplier Quality Manager, you will lead critical quality governance initiatives, ensure supplier performance, and champion transparency with our customers. Your expertise will shape product change management, customer qualifications, and operational excellence, directly impacting field risk reduction and quality innovation.
   

  

* Change Management \& PCN Leadership: Act as the end\-to\-end process owner for communicating product and process changes to customers via Product Change Notifications (PCNs) and technical presentations.
* Supplier Governance: Measure and monitor key performance indicators (KPIs) such as the Supplier Quality Performance Index and Quality Risk Index. Drive quality excursions from the factory and field back to component suppliers.
* Customer Qualification: Facilitate the customer qualification process for advanced chips, resolving technical queries and tracking sample fulfillment to ensure on\-time market readiness.
* Risk Management: Drive field risk management and customer ""heat maps."" Perform early sensing of quality issues and implement predictive analytics on factory and field quality data.
* Root Cause \& Disposition: Serve as the Direct Responsible Individual (DRI) for process deviations. Conduct Root Cause Analysis (RCA) and implement Corrective and Preventive Actions (CAPA).
* Operational Excellence: Define temporary manufacturing instructions for OSAT partners and drive the development of new quality tools and business intelligence dashboards (e.g., Tableau).
* Compliance \& Engineering Support: Oversee Engineering Change Orders (ECO), Bill of Materials (BOM) maintenance, and ensure compliance with RoHS and other regulatory standards.


**Minimum Qualifications**
* Bachelor’s degree in mechanical engineering or a related technical field.
* 15\-20 years of experience in Quality Engineering, with significant expertise in Supplier Quality and Product Lifecycle management.
* Proficiency in Quality Management Systems (QMS) and Root Cause Analysis methodologies (8D, 5\-Why, FMEA).
* Hands\-on experience with silicon packaging, OSAT management, and Product Change Notification (PCN) processes.
* Skilled in using visualization tools such as Tableau for quality metrics; familiarity with CAD tools (AutoCAD, Pro/E) and PLM/BOM management systems.


**Preferred Qualifications**
* Six Sigma Green/Black Belt certification.
* Lead Auditor certification (ISO 9001 or IATF 16949\).
* Advanced Diploma in CAD/CAM.


 SiOps
   

  

 Why Cisco?
   

  

 At Cisco, we’re revolutionizing how data and infrastructure connect and protect organizations in the AI era – and beyond. We’ve been innovating fearlessly for 40 years to create solutions that power how humans and technology work together across the physical and digital worlds. These solutions provide customers with unparalleled security, visibility, and insights across the entire digital footprint.
   

  

 Fueled by the depth and breadth of our technology, we experiment and create meaningful solutions. Add to that our worldwide network of doers and experts, and you’ll see that the opportunities to grow and build are limitless. We work as a team, collaborating with empathy to make really big things happen on a global scale. Because our solutions are everywhere, our impact is everywhere.
   

  

 We are Cisco, and our power starts with you.",Software Development,https://www.linkedin.com/company/cisco,https://media.licdn.com/dms/image/v2/D560BAQFYnR_Zrm87Dg/company-logo_100_100/B56ZnMyVr4HUAQ-/0/1760077372453/cisco_logo?e=2147483647&v=beta&t=-FnJBwOSzJBs2mZI3Vt8hsrLNZhBuwEXpMas5hClACE,,,,,,,,,,,
li-4369629150,linkedin,https://www.linkedin.com/jobs/view/4369629150,,QA Python,Capgemini,"Bengaluru, Karnataka, India",2026-02-13,fulltime,,,,,,False,mid-senior level,Quality Assurance,,,"**Job Description**
 This role involves the development and application of engineering practice and knowledge in designing, managing and improving the processes for Industrial operations, including procurement, supply chain and facilities engineering and maintenance of the facilities. Project and change management of industrial transformations are also included in this role.
   

  

**Job Description \- Grade Specific**
 Focus on Industrial Operations Engineering. Develops competency in own area of expertise. Shares expertise and provides guidance and support to others. Interprets clients needs. Completes own role independently or with minimum supervision. Identifies problems and relevant issues in straight forward situations and generates solutions. Contributes in teamwork and interacts with customers.",IT Services and IT Consulting,https://fr.linkedin.com/company/capgemini,https://media.licdn.com/dms/image/v2/D4E0BAQHIL3HctxNfvg/company-logo_100_100/B4EZokv7VQIUAQ-/0/1761553135376/capgemini_logo?e=2147483647&v=beta&t=zG4Rnn4ZR9lwfNpFaLXXm6DKX3XwtS0cYTIC2dDtWfg,,,,,,,,,,,
li-4371762382,linkedin,https://www.linkedin.com/jobs/view/4371762382,,Academic Counselor,Vedantu,,2026-02-13,fulltime,,,,,,False,associate,Sales,,,"**Key Responsibilities:** 




  




* Conduct
 **cold calling** 
 to prospective students and parents.
* Handle inbound and outbound calls to counsel students for JEE/NEET programs.
* Provide accurate information about courses, fees, and academic offerings.
* Manage the
 **end\-to\-end sales cycle** 
 , from lead generation to sales conversion.
* Achieve weekly and monthly
 **sales targets** 
 .
* Maintain proper documentation of leads, follow\-ups, and conversions.
* Prepare and share daily/weekly
 **reports** 
 with the Team Leader.
* Follow up with prospective leads to maximize admissions.
* Assist students in making informed academic and career decisions.



  





**Requirements:** 




  




* Strong knowledge of
 **JEE/NEET curriculum** 
 and student requirements.
* Excellent
 **communication skills** 
 (Regional Language / English preferred).
* Strong
 **negotiation skills** 
 and ability to convert leads.
* Proven experience in
 **end\-to\-end sales** 
 (education industry preferred).
* Ability to work in a target\-driven environment.
* Good organizational and reporting skills.",E-learning,https://in.linkedin.com/company/vedantu,https://media.licdn.com/dms/image/v2/D4D0BAQHfF3HXG_AZKw/company-logo_100_100/company-logo_100_100/0/1710931743311/vedantu_logo?e=2147483647&v=beta&t=ImX3KSkuYsOT-pp-bAJ2QjgpMiRbVg69WvnvO_6LAic,,,,,,,,,,,
li-4371748861,linkedin,https://www.linkedin.com/jobs/view/4371748861,,Outpatient - E&M - Medical Coding - FTH,Deloitte,"Hyderabad, Telangana, India",2026-02-13,fulltime,,,,,,False,not applicable,Health Care Provider,,,"**Summary**
**Position Summary**
**Regulatory, Risk \& Forensic**
 Our Regulatory, Risk \& Forensic team supports client leaders to translate multifaceted risk and an evolving regulatory environment into defensible actions that help strengthen, protect, and transform organizations. Join our team and use advanced data, AI and emerging technologies with industry insights to help client service teams bring clarity from complexity and accelerate their path to value creation.
   

  

 Position Summary
   

  

**Level:** 
 Consultant
   

  

 As an experienced Consultant at Deloitte Consulting Services, you will be responsible for individually delivering high quality work products within due timelines. Need\-basis you will be mentoring and/or directing junior team members/liaising with onsite/offshore teams to understand the functional requirements.
   

  

**Work you’ll do:**
 As a Regulatory, Risk \& Forensic Operate professional , you will have the opportunity to work on multiple projects leveraging your education and prior work experience to help our clients more confidently make decisions to drive performance. You will help our clients embrace change, grow their business, accelerate performance, and navigate periods of crisis or controversy and emerge resilient.
   

  

**Role Overview:**
 Conduct coding and billing compliance reviews on medical records with primary focus on Evaluation and Management (E/M) level of Service validation and Missing Procedures (CPT/HCPCS) review to ensure complete and accurate charge capture prior to billing. The review of the medical documentation is conducted to identify additional missed provider documentation clarifications and/or missed coding opportunities. When discrepancies are identified, updates code as needed and provide detailed rationale and supporting evidence for all recommendations.The professional will utilize the following resources to perform the reviews (not inclusive): The Official Coding Guidelines, ICD\-10\-CM/PCS, CPT and HCPCs coding guidelines, Federal and State regulations, the American Hospital Association (AHA) coding guidelines including the Coding Clinic and American Medical Association’s(AMA) CPT Assistant publications and American Health Information Association (AHIMA) compliant query guidelines.
   

  

**Outpatient coding reviews**
* 
* Performs coding and billing quality reviews on hospital outpatient records to validate the medical record documentation supports appropriate Evaluation and Management (E/M) level selection and CPT/HCPCS reporting (including modifiers, as applicable) prior to billing submission. Responsibilities include, but are not limited to:
+ o Outpatient E/M Level of Service Review (99211\-99215\): Review the encounter documentation (e.g., assessment and plan) and validate that the assigned E/M level is accurate and supported; revise the E/M level when not supported and provide clear, written rationale for the change.
+ o Missing Procedure Code Review for various specialties: Review documented services and procedures to confirm complete charge capture; identify missing and/or incorrect CPT/HCPCS codes (and modifiers, as applicable), update coding accordingly, and document supporting rationale. Specialties include (not exhaustive): Dermatology, Ophthalmology, Orthopedics Medicine, Otolaryngology, etc.
+ o Identifies missed documentation clarification opportunities and provides appropriate clinical parameters to support compliant documentation queries.
+ o Evaluates the appropriateness and compliance of coder\-generated clinical documentation queries.
+ o Coordinates with downstream stakeholders to ensure corrected coding is routed appropriately and moved forward for billing.


**Professional coding reviews**
* 
* Performs coding quality reviews on professional encounters to validate that the medical record documentation supports accurate E/M level selection and complete/accurate CPT/HCPCS reporting (including modifiers, as applicable) prior to billing submission. Responsibilities include, but are not limited to:
+ o Outpatient E/M level of Service Review (99211–99215\): Validate that the assigned E/M level is supported by documentation; revise the E/M level when necessary and provide written, detailed rationale and supporting evidence.
+ o Missing Procedure Code Review for various specialties: Validate that all documented procedures/services are appropriately captured; identify missing CPT/HCPCS codes (and modifiers, as applicable), correct coding as needed, and document rationale. Specialties include (not exhaustive): Dermatology, Ophthalmology, Orthopedics Medicine, Otolaryngology, etc.
+ o Identifies missed documentation clarification opportunities and provides appropriate clinical parameters to support compliant documentation queries.
+ o Evaluates the appropriateness and compliance of coder\-generated clinical documentation queries.
+ o Escalates repeatable coding/documentation themes and supports education/feedback based on review outcomes.
+ o Coordinates with downstream stakeholders to ensure corrected coding is routed appropriately and moved forward for billing.


**Qualifications**
**Required Candidate Profile:**
* 
* 3\-5 years of experience in audit of complex outpatient, hospital outpatient and professional coding and US healthcare claims
* 
* Must hold a coding certification from American Health Information Association (AHIMA) and/or from American Academy of Professional Coders (AAPC) such as a CCS, COC, CPC, CIC etc.
* 
* A graduate from field of medicine or allied healthcare subject is preferred
* 
* Must have experience working on EMR system Epic
* 
* Good understanding of US healthcare
* 
* Demonstrate ability to interact effectively with clients including providers and internal stakeholders
* 
* Must be a dependable and reliable player, able to work independently and as part of a goal\-oriented team with a positive attitude
* 
* Must have strong analytical, reasoning and organizational skills
* 
* Experience designing, implementing, and operating risk management and compliance activities
* 
* Prior consulting experience is preferred
* Should have worked on coding and billing domains (i.e. hospital outpatient, emergency department (ED), ambulatory surgery, professional coding, Outpatient etc.)
* In\-Depth knowledge of various billing rules OPPS, MPFS etc.
* Thorough knowledge of payment rules hierarchy, fee schedule configuration and their impact on payment
* Superior skills to effectively communicate and negotiate across the business and external health care environment
* Hands\-on experience in any of the Encoder tools specific to Hospital coding such as Epic, 3M etc.


**Location:**
**Shift Timings:**
* 11 AM to 8 PM or as per business requirements


**Our purpose**
 Deloitte’s purpose is to make an impact that matters for our people, clients, and communities. At Deloitte, purpose is synonymous with how we work every day. It defines who we are. Our purpose comes through in our work with clients that enables impact and value in their organizations, as well as through our own investments, commitments, and actions across areas that help drive positive outcomes for our communities.
   

  

**Our people and culture**
 Our inclusive culture empowers our people to be who they are, contribute their unique perspectives, and make a difference individually and collectively. It enables us to leverage different ways of thinking, ideas and perspectives, and bring more creativity and innovation to help solve our clients’ most complex challenges. This makes Deloitte one of the most rewarding places to work.
   

  

**Professional development**
 At Deloitte, professionals have the opportunity to work with some of the best and discover what works best for them. Here, we prioritize professional growth, offering diverse learning and networking opportunities to help accelerate careers and enhance leadership skills. Our state\-of\-the\-art DU: The Leadership Center in India, located in Hyderabad, represents a tangible symbol of our commitment to the holistic growth and development of our people. Explore DU: The Leadership Center in India .
   

  

**Benefits To Help You Thrive**
 At Deloitte, we know that great people make a great organization. Our comprehensive rewards program helps us deliver a distinctly Deloitte experience that helps that empowers our professionals to thrive mentally, physically, and financially—and live their purpose. To support our professionals and their loved ones, we offer a broad range of benefits. Eligibility requirements may be based on role, tenure, type of employment and/ or other criteria. Learn more about what working at Deloitte can mean for you.
   

  

**Recruiting tips**
 From developing a stand out resume to putting your best foot forward in the interview, we want you to feel prepared and confident as you explore opportunities at Deloitte. Check out recruiting tips from Deloitte recruiters.
   

  

 Requisition code: 322999",Business Consulting and Services,https://www.linkedin.com/company/deloitte,https://media.licdn.com/dms/image/v2/C560BAQGNtpblgQpJoQ/company-logo_100_100/company-logo_100_100/0/1662120928214/deloitte_logo?e=2147483647&v=beta&t=OSF8M5LreT0Sf2F-JcNk6XMT0ArCuPfDmRR-knCC4HY,,,,,,,,,,,
li-4372726462,linkedin,https://www.linkedin.com/jobs/view/4372726462,,Sr. Manager Talent Acquisition,Reliance Industries Limited,"Navi Mumbai, Maharashtra, India",2026-02-13,fulltime,,,,,,False,mid-senior level,Human Resources,,,"Overview : We are looking for an experienced Talent Acquisition Lead to lead and execute strategic hiring initiatives for our Battery Business. This role is focused on ensuring we attract, evaluate, and hire qualified candidates with a special emphasis on workforce planning, employer branding, and a strong candidate experience.
   

  

**Key Responsibilities**
**Strategy \& Workforce Planning**
* Partner with operations, production, engineering, quality and HR leadership to understand hiring forecasts, manpower requirements, skill gaps and workforce needs specific to manufacturing functions.
* Anticipate future talent needs and build proactive recruitment plans and talent pipelines to reduce time\-to\-fill for critical roles.


**End\-to\-End Recruitment**
* Manage the full recruitment lifecycle: job requisition, sourcing, screening, interviewing, selection, offer negotiation and onboarding.
* Source candidates through a mix of channels job boards, social media, employee referrals, campus hiring, consultancies and local community networks (especially for manufacturing talent pools).
* Collaborate with department heads to create clear, role\-specific job descriptions and qualification criteria.
* Measure and report on key hiring metrics (e.g., time\-to\-fill, quality\-of\-hire, cost\-per\-hire) and use insights to refine recruitment approaches.
* Program manage campus hiring programs, including partnerships with top engineering institutions


**Candidate Experience \& Employer Branding**
 Ensure a professional, transparent, and high\-touch candidate experience from first contact to
   

  

 offer acceptance.
   

  

 Support employer branding initiatives that highlight the companys manufacturing culture,
   

  

 growth opportunities, safety performance, and employee value proposition.
   

  

**Compliance \& HR Collaboration**
 Work closely with HR operations and site leadership to support onboarding, orientation, and
   

  

 retention strategies for manufacturing talent.
   

  

**Team Leadership**
 Coach and mentor recruiters and talent acquisition specialists supporting Battery business.
   

  

 Train hiring managers on best practices for interviewing, assessment, and candidate selection",Oil and Gas,https://in.linkedin.com/company/reliance,https://media.licdn.com/dms/image/v2/C560BAQGL2p38Nc6Qkg/company-logo_100_100/company-logo_100_100/0/1661518370542/reliance_logo?e=2147483647&v=beta&t=e4NmhlSkhg2caAh_-xoMrtdjSvxY8gaMtLs8qbWZ5Pk,,,,,,,,,,,
li-4372026354,linkedin,https://www.linkedin.com/jobs/view/4372026354,,Head- MEP,Della Resorts and Adventure,"Mumbai, Maharashtra, India",2026-02-13,fulltime,,,,,,False,director,Engineering and Information Technology,,,"**Job Description**
 Job Description: MEP Head – Della Townships
   

  

 Location: Mumbai
   

  

 Working Days: 6 Days/Week
   

  

 Position Summary
   

  

 We are hiring an accomplished MEP Head with strong experience in design coordination, execution, and delivery of MEP systems for large\-scale luxury township projects. The ideal candidate will lead multidisciplinary teams, coordinate with consultants and contractors, and ensure exceptional quality and performance. A critical aspect of this role is steering the township toward green\-certified sustainability standards and ensuring compliance with relevant environmental rating systems applicable to large integrated developments.
   

  

 Key Responsibilities
   

  

* MEP Design Coordination \& Leadership
* Lead the end\-to\-end coordination of MEP design with architects, structural engineers, consultants, and specialists.
* Ensure seamless integration of MEP systems into overall project planning and luxury township standards.
* Optimize MEP designs for performance, cost\-effectiveness, and sustainability.
* Execution \& On\-Site Leadership
* Oversee MEP installation, testing, commissioning, and handover for residential, commercial and amenity zones within the township.
* Monitor construction quality, adherence to design documents, and alignment with project milestones.
* Experience of handling the Project from inception to handover
* Implement best practices for safety, quality assurance, and operational readiness.
* Sustainability \& Green Township Certification
* Collaborate with sustainability consultants to integrate eco\-friendly features including energy efficiency, water conservation, waste management, renewable energy integration, and resource\-efficient infrastructure. ￼
* Track progress against sustainability benchmarks and ensure documentation for certification submission.


**Job Expectations**
* Project Planning \& Control
* Develop and manage MEP execution schedules, resource planning, and delivery cadence.
* Implement and track KPIs for quality, schedule, budget, safety and sustainability metrics.
* Contractor \& Vendor Management
* Manage all MEP contractors, suppliers, and subcontractors to achieve performance targets.
* Review and approve technical submissions, contractor billings, change orders, and material submittals.
* Cost Optimization \& Value Engineering
* Drive strategies to optimize project costs through effective design choices and execution efficiencies.
* Support procurement of equipment and systems while ensuring sustainability and lifecycle performance.
* Compliance \& Quality Assurance
* Ensure compliance with statutory regulations, safety codes, and sustainability mandates.
* Establish robust quality control processes, audits, and testing regimes.


 Candidate Profile
   

  

 Education \& Experience
   

  

* Bachelor’s in Mechanical or Electrical Engineering (or related field).
* Minimum 12–18\+ years’ experience in MEP design coordination and execution for large\-scale projects.
* Proven expertise in luxury township, mixed\-use developments or integrated communities.


 Core Skills \& Competencies
   

  

* Strong technical knowledge of HVAC, electrical systems, plumbing, fire protection, renewable energy systems.
* Experience driving sustainable design execution and working toward green building/township certifications.
* Ability to lead large teams and work collaboratively across multi\-disciplinary stakeholders.
* Excellent communication, problem\-solving and coordination skills.


**Minimum Qualification**
 Relevant Field
   

  

**Minimum Job Experience**
 10\-15 Years
   

  

**Reporting To**
 CMD
   

  

**Travel**
 Yes Apply Now",Hospitality,https://in.linkedin.com/company/dellaresortsandadventure,https://media.licdn.com/dms/image/v2/D4D0BAQFTBZjMRv_OjA/company-logo_100_100/B4DZrB6I2.J4AU-/0/1764189836032/dellaresortsandadventure_logo?e=2147483647&v=beta&t=iuxoUAoDEZrraWbsBpvZJmOdrfHVlLDUCbD_qZ2dEWk,,,,,,,,,,,
li-4371752647,linkedin,https://www.linkedin.com/jobs/view/4371752647,,Business Finance Manager,Ninjacart,"Bengaluru, Karnataka, India",2026-02-13,fulltime,,,,,,False,associate,Finance,,,"Analyze financial data and create financial models for decision support. Report on financial performance and prepare for regular leadership reviews.
 



 Analyze past results, perform variance analysis, identify trends, and make recommendations for improvements.
 



 Evaluate financial performance by comparing and analyzing actual results with plans and forecasts.
 



 Design and Implement Key Performance Indicators (KPI) to track and review major parameters to provide early signal to all stakeholders for corrective actions
 



 Recommend actions by analyzing and interpreting data and making comparative analyses; study proposed changes in methods and materials.
 



 Identify and drive process improvements, including the creation of standard and ad\-hoc reports, tools, and Excel dashboards.
 



 Perform market research, data mining, business intelligence, and valuation comps.
 



 Collaborate with cross functional teams to gather data requirements and ensure data integrity and accuracy","Technology, Information and Internet and Farming",https://in.linkedin.com/company/ninja-cart,https://media.licdn.com/dms/image/v2/D560BAQEJ-zmzzvKPUA/company-logo_100_100/company-logo_100_100/0/1697720591088/ninja_cart_logo?e=2147483647&v=beta&t=Zoz6Cnp7zR-ZFxSryV4eix7g2xyruL8JTw-pvbAL7Ns,,,,,,,,,,,
li-4372735383,linkedin,https://www.linkedin.com/jobs/view/4372735383,https://www.expertia.ai/reliance-newenergy/job/hiring-manager-supply-planning-671748cdcb7c9d919624fbcb?utm_source=linkedin-jw&easy_apply=true&urlHash=fJFM,Manager - Supply Planning,Reliance Industries Limited,"Jamnagar, Gujarat, India",2026-02-13,fulltime,,,,,,False,mid-senior level,Supply Chain,,,"**Job Accountabilities (Duties And Responsibilities)**
 Lead and facilitate Supply and MRP reviews with stakeholders to achieve planning metrics such as DIFOT, Inventory, and Turnover.
   

  

 Drive the development and implementation of the Sales \& Operations Planning (S\&OP) process across the organization.
   

  

 Ensure adherence to agreed production plans and monitor supply fill rates while reporting deviations.
   

  

 Release production plans to operations and prepare dispatch plans according to demand and production schedules.
   

  

 Develop replenishment models based on market dynamics and supply constraints for efficient inventory management.
   

  

 Collaborate with cross\-functional teams including Supply Chain, Manufacturing, Marketing, Quality, Regulatory, and Finance to ensure seamless product delivery to the market.
   

  

 Coordinate with outbound logistics to achieve timely delivery targets and maintain communication channels for effective execution.
   

  

 Proactively drives goal attainment and enhances forecast accuracy through initiative, ensuring results\-focused outcomes.
   

  

 Maximizes commitments versus actuals, monitors key performance indicators (KPIs) proactively, and contributes to optimizing requirements versus commitments, fostering efficient supply chain interactions.
   

  

**Functional**
**Skills Required (Knowledge and Skills)**
 Proficient in structured communication, capable of effectively presenting to individuals and groups of varying sizes.
   

  

 Familiarity with advanced Excel and other forecasting tools, facilitating data analysis and informed decision\-making.
   

  

**Behavioural**
 Strong decision\-making skills, enabling the ability to resolve complex issues efficiently.
   

  

 Effective negotiation abilities for successful collaboration and conflict resolution.
   

  

 Excellent planning and organizing skills to manage tasks and resources effectively.
   

  

 Capable of gathering, organizing, and assessing data to address complex problems methodically.
   

  

 Self\-motivated, highly adaptable, and adept at performing under pressure in a dynamic work environment.
   

  

**Special Skill**
 Demonstrated expertise in demand planning within industries such as Solar, Electronics, Pharma, or similar make\-to\-order supply chain environments.
   

  

 Up\-to\-date understanding of contemporary supply chain management methodologies and best practices.
   

  

 Possession of APICS certification showcasing advanced proficiency in supply chain management principles.
   

  

 Proficiency in SAP APO/SCM systems and experience in utilizing various process tools, coupled with a comprehensive understanding of global benchmarks.
   

  

**Key Attributes**
 Proficiency in maximizing commitments versus actuals, ensuring alignment between projected and achieved outcomes.
   

  

 Strong focus on analysing and optimizing overall requirements versus commitments, driving efficiency throughout the supply chain.
   

  

 Skill in inventory optimization, contributing to shared key performance indicators (KPIs) for enhanced operational performance.
   

  

**Experience**
 Total Experience: 7\-10 years
   

  

**Qualification**
 Essential Qualification: Bachelors degree in Engineering / Science / Commerce
   

  

 Desired Qualification: Masters Degree in Operations Management / Logistics / Operations Research / Supply Chain / Materials Management",Oil and Gas,https://in.linkedin.com/company/reliance,https://media.licdn.com/dms/image/v2/C560BAQGL2p38Nc6Qkg/company-logo_100_100/company-logo_100_100/0/1661518370542/reliance_logo?e=2147483647&v=beta&t=e4NmhlSkhg2caAh_-xoMrtdjSvxY8gaMtLs8qbWZ5Pk,,,,,,,,,,,
li-4371742494,linkedin,https://www.linkedin.com/jobs/view/4371742494,,Executive,EXL,"Bengaluru, Karnataka, India",2026-02-13,fulltime,,,,,,False,executive,Business Development and Sales,,,"Professionals in this group review organizations financial�statements, documents, data and accounting entries. They collect information from organizations reporting systems, account balances, cash flow statements, income statements, balance sheets, tax returns and internal control systems and then review to ensure that no fraud/errors are present in the organization.",Business Consulting and Services,https://www.linkedin.com/company/exl-service,https://media.licdn.com/dms/image/v2/D4E0BAQHZga8kSwpMTQ/company-logo_100_100/company-logo_100_100/0/1719841183720/exl_service_logo?e=2147483647&v=beta&t=vBbccDV9YZNetkoDlQixz0h-eanSE2WmEcG7rKcur58,,,,,,,,,,,
li-4372241679,linkedin,https://www.linkedin.com/jobs/view/4372241679,,Marketing Specialist,Mahindra Holidays & Resorts India Limited,"Mumbai, Maharashtra, India",2026-02-13,fulltime,,,,,,False,mid-senior level,Marketing,,,"**We’re Hiring – Marketing Roles at Mahindra Holidays** 
 🌟
 



 Mahindra Holidays is expanding its marketing team and we’re looking for creative, driven professionals to join us.
 



**Open Positions:** 



* **CMS Specialist** 
 – Manage and optimize content management systems for seamless digital experiences.
* **Visual Merchandiser** 
 – Design and execute engaging visual displays that enhance brand presence and customer engagement.
* **CRM MarTech Specialist** 
 – Drive customer relationship management initiatives and leverage marketing technology to improve campaign performance.



**What We’re Looking For:** 



* Strong domain expertise in respective areas (CMS, Visual Merchandising, CRM/MarTech).
* Creative mindset with attention to detail.
* Ability to collaborate across teams and deliver measurable impact.",Hospitality,https://in.linkedin.com/company/clubmahindra,https://media.licdn.com/dms/image/v2/D4D0BAQHh2zGkZK9Peg/company-logo_100_100/B4DZwnipWbKwAQ-/0/1770189920536/clubmahindra_logo?e=2147483647&v=beta&t=r3qbl7q8N_Af0dsN3XVULUjXV0vMJBXLhWfqiP4Wi5s,,,,,,,,,,,
li-4371749963,linkedin,https://www.linkedin.com/jobs/view/4371749963,,New Product Development (NPD) - Fragrance/ Perfumes,Myntra,"Bengaluru, Karnataka, India",2026-02-13,fulltime,,,,,,False,mid-senior level,"Business Development, Design, and Product Management",,,"**NPD \+ Brand Development \- Fragrance or Perfumes** 




  





 The Principal Associate will lead the team and manage end\-to\-end product development for fragrance categories \- from concept to commercialization \- working closely with manufacturers,
 



 packaging, design, and cross\-functional teams to deliver high\-quality, on\-trend, and commercially viable products.
 



  





**Key Responsibilities** 




 ● Own the complete NPD lifecycle for fragrances: ideation, feasibility, formulation, sampling,
 



 testing, scale\-up skus, and launch.
 



 ● Work with manufacturers and labs on formulations, trials, costing, MOQs, timelines, and
 



 production readiness.
 



 ● Collaborate closely with Packaging Manager and Designers to ensure product\-pack\-brand
 



 alignment.
 



 ● Manage project timelines, critical paths, and cross\-team coordination.
 



 ● Track trends, competitor landscape, and innovation opportunities.
 



  





 ● Ensure quality, regulatory compliance, and documentation.
 



 ● Drive cost optimization while maintaining product performance and brand promise.
 



 Requirements
 



 ● Manage end to end Fragrance Category \- NPD life cycle, will have a team
 



 ● Own the core NPD \- core \+ innovation forward strategy, benchmarking competition and future
 



 forward trends.
 



 ● Working with the revenue and category team to identify trends, work ahead of the competition.
 



 ● Strong understanding of formulations/textures/formats, trend forward ingredients, fragrance
 



 development, and packaging compatibility.
 



 ● Excellent project management and stakeholder collaboration skills.
 



 ● Trend\-driven, detail\-oriented, and commercially sharp.
 



 ● Excellent Excel and Power Point Skills for data analysis and Core/strategy presentations","Wellness and Fitness Services, Retail Apparel and Fashion, and Personal Care Product Manufacturing",https://in.linkedin.com/company/myntra,https://media.licdn.com/dms/image/v2/D560BAQHlxcq3wbl2IA/company-logo_100_100/company-logo_100_100/0/1719917177970/myntra_logo?e=2147483647&v=beta&t=60CE-E2TBHX3FNzjqhZFuq8DU4QnX02wWbZQLAgKnHM,,,,,,,,,,,
li-4372224306,linkedin,https://www.linkedin.com/jobs/view/4372224306,,Sonalika - Deputy General Manager - Indirect Taxation - CA,International tractors limited,"Punjab, India",2026-02-13,fulltime,,,,,,False,executive,Accounting/Auditing,,,"**Company Overview**
 International Tractors Limited (ITL), the makers of Sonalika tractors, is one of India's leading tractor manufacturers and exporters. With a significant presence in both domestic and international markets, ITL is committed to providing farmers with technologically advanced and cost\-effective agricultural solutions. Operating in the agricultural machinery industry, ITL has a widespread network of dealers and service centers, ensuring accessibility and support for its customers globally.
   

  

**Role Overview**
 As the Deputy General Manager (DGM) \- Indirect Taxation, you will be responsible for overseeing all aspects of indirect tax compliance and optimization for International Tractors Limited. This pivotal role involves managing GST, excise duty, customs duty, and other applicable indirect taxes. You will collaborate closely with internal teams, including finance, supply chain, and legal, as well as external consultants and tax authorities. Your expertise will ensure accurate tax reporting, minimize tax liabilities, and maintain compliance with evolving regulations, contributing directly to the company's financial health and operational efficiency.
   

  

**Key Responsibilities**
* Manage end\-to\-end indirect tax compliance, including GST, excise duty, customs duty, and other applicable taxes, ensuring timely and accurate filing of returns and payments to relevant tax authorities.
* Develop and implement tax planning strategies to optimize indirect tax liabilities, identifying opportunities for tax savings and efficiency improvements for the benefit of the organization.
* Conduct thorough reviews of indirect tax processes and transactions, identifying potential risks and implementing corrective measures to mitigate tax exposures and ensure compliance.
* Represent the company in interactions with tax authorities, managing audits, assessments, and appeals, and effectively communicating the company's position to achieve favorable outcomes.
* Monitor changes in indirect tax laws and regulations, analyzing their impact on the company's operations and implementing necessary adjustments to ensure ongoing compliance and minimize risks.
* Provide expert guidance and support to internal teams on indirect tax matters, including supply chain, procurement, and finance, ensuring consistent application of tax principles and best practices.
* Oversee the maintenance of accurate and complete indirect tax records, ensuring proper documentation and audit trails to support compliance and facilitate audits.
* Lead and mentor a team of tax professionals, providing guidance, training, and development opportunities to enhance their skills and performance.


**Required Skillset**
* Demonstrated expertise in indirect tax laws and regulations, including GST, excise duty, and customs duty.
* Proven ability to develop and implement tax planning strategies to optimize tax liabilities.
* Strong analytical and problem\-solving skills, with the ability to interpret complex tax issues and provide practical solutions.
* Excellent communication and interpersonal skills, with the ability to effectively interact with internal teams, external consultants, and tax authorities.
* Experience in managing tax audits and assessments, with a track record of achieving favorable outcomes.
* Ability to lead and mentor a team of tax professionals.
* Chartered Accountant (CA) or equivalent qualification.
* 12\-16 years of relevant experience in Indirect Taxation, Audit, Accounting and Compliance.


 (ref:iimjobs.com)","Manufacturing, Apparel Manufacturing, and Fashion Accessories Manufacturing",https://in.linkedin.com/company/international-tractors-limited,https://media.licdn.com/dms/image/v2/D560BAQEcPmLbsnjmmA/company-logo_100_100/B56ZuridsEHUAQ-/0/1768109497539/international_tractors_limited_logo?e=2147483647&v=beta&t=bwt0K38I6KrAz3PCNKVqIj9BOp0Q1zfJ3wjvEbEmxkY,,,,,,,,,,,
li-4372725591,linkedin,https://www.linkedin.com/jobs/view/4372725591,,Contract Administrator,Reliance Industries Limited,"Navi Mumbai, Maharashtra, India",2026-02-13,fulltime,,,,,,False,director,Legal,,,"As a Contracts Manager, the role involves overseeing the entire lifecycle of a contract, from initiation and drafting to execution, management, and closeout. Your key objective is to ensure that all contractual obligations are met, risks are minimized, and the project runs efficiently within legal, financial, and operational boundaries.
   

  

**Responsibilities And Tasks**
* Pre\-Award Stage (Contract Preparation and Negotiation)
* Review and Draft Contracts:


 Support the preparation and review of contracts (e.g., Service Agreements, NDAs, purchase agreements) to ensure alignment with company policies and legal standards.
   

  

 Identify and incorporate project scope, deliverables, terms, and conditions.
   

  

* Risk Assessment:


 Assess potential risks (financial, operational, legal) and propose mitigation strategies.
   

  

 Highlight any deviations from standard terms.
   

  

* Negotiate Contract Terms:


 Lead or assist in negotiating commercial and legal terms to achieve a mutually beneficial outcome.
   

  

 Ensure clarity on obligations, liabilities, and performance criteria.
   

  

* Stakeholder Collaboration:


 Work closely with the legal, finance, technical, and procurement teams to incorporate their inputs during contract drafting.
   

  

 Ensure that internal approvals are secured before finalizing contracts.
   

  

* Post\-Award Stage (Contract Management and Execution)
* Contract Execution and Administration:


 Ensure timely signature and proper execution of contracts by authorized parties.
   

  

 Distribute fully executed agreements to relevant stakeholders.
   

  

* Performance Monitoring:


 Track milestones, deliverables, and obligations to ensure compliance with contract terms.
   

  

 Identify and monitor key performance indicators (KPIs) for contractors, vendors, or internal teams.
   

  

 Approve CVs of resources being onboarded.
   

  

 Track and monitor weekly timesheets submitted by contractors.
   

  

 Prepare analysis and comparison statements and present them to internal stakeholders.
   

  

* Change Management:


 Manage change orders or variations when there are modifications to the scope, schedule, or price.
   

  

 Document and negotiate any amendments to the original contract.
   

  

* Issue and Dispute Management:


 Address conflicts or disputes arising from non\-performance, ambiguities, or delays.
   

  

 Follow formal escalation and dispute resolution procedures as outlined in the contract.
   

  

* Compliance and Risk Management
* Contract Compliance:


 Ensure all parties meet their contractual obligations, including quality, delivery, and payment timelines.
   

  

 Verify adherence to applicable laws, regulations, and internal policies.
   

  

* Risk Mitigation:


 Identify and manage potential contractual risks (e.g., penalties, indemnities, liabilities).
   

  

 Work with legal teams to minimize exposure to claims or disputes.
   

  

* Insurance and Bonding:


 Ensure relevant insurances (e.g., Professional Liability, Workers Compensation) or performance bonds are in place as per the contract requirements.
   

  

* Financial and Documentation Management
* Payment Certification and Tracking:


 Support the certification of contractor invoices with support from the project team.
   

  

 Certification of expense incurred and the invoice.
   

  

 Monitor invoicing and payment schedules to ensure timely payments and resolve billing disputes.
   

  

 Track milestones linked to payments (e.g., progress payments or retention).
   

  

 Prepare and manage the SAP system entries and approvals for processing the payments.
   

  

* Record Keeping and Documentation:


 Maintain an organized repository of contracts, amendments, correspondence, and approvals.
   

  

 Ensure version control and document confidentiality.
   

  

* Reporting:


 Prepare regular reports on contract performance, risks, or compliance issues for senior management.
   

  

 Highlight any deviations from contractual terms and recommend corrective actions.
   

  

* Closeout and Lessons Learned
* Contract Closeout:


 Ensure all contractual obligations are fulfilled, including final payments, deliverables, and warranties.
   

  

 Obtain formal sign\-off or closeout certification from the client or vendor.
   

  

* Lessons Learned:


 Conduct reviews to identify successes, failures, and areas for improvement in future contracts.
   

  

 Document lessons learned for future reference.
   

  

* Skills and Qualities Required:
* Understanding of contract law and industry\-specific regulations.
* Excellent negotiation, communication, and stakeholder management skills.
* Analytical mindset for assessing risks and solving disputes.
* Attention to detail to identify discrepancies in contract terms.
* Organizational skills for managing multiple contracts simultaneously.
* Proficiency in contract management software or tools (e.g., SAP, Oracle, Procore).",Oil and Gas,https://in.linkedin.com/company/reliance,https://media.licdn.com/dms/image/v2/C560BAQGL2p38Nc6Qkg/company-logo_100_100/company-logo_100_100/0/1661518370542/reliance_logo?e=2147483647&v=beta&t=e4NmhlSkhg2caAh_-xoMrtdjSvxY8gaMtLs8qbWZ5Pk,,,,,,,,,,,
li-4372731340,linkedin,https://www.linkedin.com/jobs/view/4372731340,https://www.expertia.ai/ril-real-estate/job/hiring-design-engineer-mep-698c680635482a659cc6f01a?utm_source=linkedin-jw&easy_apply=true&urlHash=OGV3,Design Engineer MEP,Reliance Industries Limited,,2026-02-13,fulltime,,,,,,False,director,Engineering,,,"**MEP Design Engineer (817 Years Experience)**
*HVAC / Electrical / ELV / Plumbing \& Fire Fighting*
**Role Summary**
 We are seeking an experienced MEP Design Engineer with 817 years of hands\-on experience in designing and coordinating building services for Residential, Commercial, and Hospitality projects. Candidates with exposure to high\-end luxury developments will be given preference.
   

  

**Key Responsibilities**
* Develop detailed MEP designs (HVAC / Electrical / ELV / Plumbing \& Fire Fighting as applicable).
* Coordinate design inputs across disciplines to ensure fully integrated MEP solutions.
* Review drawings, specifications, and technical submittals for accuracy and compliance with project requirements.
* Work closely with architects, structural engineers, and project teams to resolve design issues.
* Ensure designs meet relevant codes, standards, and client expectations.
* Participate in design reviews, value engineering exercises, and technical meetings.
* Support site teams during project execution when required.


**Requirements**
* 817 years of experience in MEP design and coordination.
* Strong background in Residential, Commercial, and Hospitality projects; luxury project experience preferred.
* Proficiency in relevant design software (AutoCAD, Revit, discipline\-specific tools).
* Solid understanding of local and international codes/standards.
* Strong communication, coordination, and problem\-solving skills.",Real Estate,https://in.linkedin.com/company/reliance,https://media.licdn.com/dms/image/v2/C560BAQGL2p38Nc6Qkg/company-logo_100_100/company-logo_100_100/0/1661518370542/reliance_logo?e=2147483647&v=beta&t=e4NmhlSkhg2caAh_-xoMrtdjSvxY8gaMtLs8qbWZ5Pk,,,,,,,,,,,
li-4372021780,linkedin,https://www.linkedin.com/jobs/view/4372021780,https://usijobs.deloitte.com/en_US/careersUSI/JobDetail/USI-EH-FY26-Enabling-Areas-GFS-A-C-Analyst/324293&urlHash=C-kP,Analyst - A&C - Hyderabad,Deloitte,"Hyderabad, Telangana, India",2026-02-13,fulltime,,,,,,False,not applicable,Business Development and Sales,,,"**Summary**
**Position Summary**
 Analyst – Accounting \& Controllership, GFS, Deloitte Support Services India Private Limited
   

  

 Role Description:
   

  

 As Analyst, the team member supports the complex Operational and Transactional Level activities. This includes JE preparation and posting JE, expense research etc.
   

  

 Role objective:
   

  

 The objective is recording of all relevant transactions into the General Ledger periodically. Also support other finance operations by providing timely reporting as needed.
   

  

 Work you will do
   

  

 As an Analyst in USI supporting GFS A\&C team, you will focus on following areas:
   

  

 Journal Entry Preparation and Posting
   

  

* 
+ 
- 
* Preparation of Balance Sheet Reconciliations of associated Member Firm
* Performing Period End close activities
* Performing all daily support activities to member firms
* Achieve targets and defined SLAs within specified timelines
* Performing activities on first time right basis as per defined process guidelines.
* Good process knowledge on General Ledger accounting/RTR activities
* Knowledge of accrual basis accounting, prepaid accounting


 The team:
   

  

 The team is providing business units, general accounting, and internal control support, including preparation, and posting of journal entries, completion of the period end closing transactions /procedures and ensuring that the general ledger account balances and trial balances are appropriately reconciled.
   

  

 The team’s competency spans several different proficiencies including:
   

  

* Knowledge of RTR Period End Close and Balance Sheet Reconciliation process
* Experience with understanding entries that get posted to different account types
* Skilled at working with numbers and in detailed analysis
* Strong understanding of accounting principles
* Knowledge and experience with journal entries and with GL reconciliations
* Ability to ensure a high level of overall quality and accuracy
* Ability to work well \& multi\-task in a fast paced, time sensitive environment Analyst – Accounting \& Controllership, GFS, Deloitte Support Services India Private Limited Role Description:


 As Analyst, the team member supports the complex Operational and Transactional Level activities. This includes JE preparation and posting JE, expense research etc.
   

  

 Role objective:
   

  

 The objective is recording of all relevant transactions into the General Ledger periodically. Also support other finance operations by providing timely reporting as needed.
   

  

 Work you will do
   

  

 As an Analyst in USI supporting GFS A\&C team, you will focus on following areas:
   

  

 Journal Entry Preparation and Posting
   

  

* 
+ 
- 
* Preparation of Balance Sheet Reconciliations of associated Member Firm
* Performing Period End close activities
* Performing all daily support activities to member firms
* Achieve targets and defined SLAs within specified timelines
* Performing activities on first time right basis as per defined process guidelines.
* Good process knowledge on General Ledger accounting/RTR activities
* Knowledge of accrual basis accounting, prepaid accounting


 The team:
   

  

 The team is providing business units, general accounting, and internal control support, including preparation, and posting of journal entries, completion of the period end closing transactions /procedures and ensuring that the general ledger account balances and trial balances are appropriately reconciled.
   

  

 The team’s competency spans several different proficiencies including:
   

  

* Knowledge of RTR Period End Close and Balance Sheet Reconciliation process
* Experience with understanding entries that get posted to different account types
* Skilled at working with numbers and in detailed analysis
* Strong understanding of accounting principles
* Knowledge and experience with journal entries and with GL reconciliations
* Ability to ensure a high level of overall quality and accuracy
* Ability to work well \& multi\-task in a fast paced, time sensitive environment


**Our purpose**
 Deloitte’s purpose is to make an impact that matters for our people, clients, and communities. At Deloitte, purpose is synonymous with how we work every day. It defines who we are. Our purpose comes through in our work with clients that enables impact and value in their organizations, as well as through our own investments, commitments, and actions across areas that help drive positive outcomes for our communities.
   

  

**Our people and culture**
 Our inclusive culture empowers our people to be who they are, contribute their unique perspectives, and make a difference individually and collectively. It enables us to leverage different ways of thinking, ideas and perspectives, and bring more creativity and innovation to help solve our clients’ most complex challenges. This makes Deloitte one of the most rewarding places to work.
   

  

**Professional development**
 At Deloitte, professionals have the opportunity to work with some of the best and discover what works best for them. Here, we prioritize professional growth, offering diverse learning and networking opportunities to help accelerate careers and enhance leadership skills. Our state\-of\-the\-art DU: The Leadership Center in India, located in Hyderabad, represents a tangible symbol of our commitment to the holistic growth and development of our people. Explore DU: The Leadership Center in India .
   

  

**Benefits To Help You Thrive**
 At Deloitte, we know that great people make a great organization. Our comprehensive rewards program helps us deliver a distinctly Deloitte experience that helps that empowers our professionals to thrive mentally, physically, and financially—and live their purpose. To support our professionals and their loved ones, we offer a broad range of benefits. Eligibility requirements may be based on role, tenure, type of employment and/ or other criteria. Learn more about what working at Deloitte can mean for you.
   

  

**Recruiting tips**
 From developing a stand out resume to putting your best foot forward in the interview, we want you to feel prepared and confident as you explore opportunities at Deloitte. Check out recruiting tips from Deloitte recruiters.
   

  

 Requisition code: 324293",Business Consulting and Services,https://www.linkedin.com/company/deloitte,https://media.licdn.com/dms/image/v2/C560BAQGNtpblgQpJoQ/company-logo_100_100/company-logo_100_100/0/1662120928214/deloitte_logo?e=2147483647&v=beta&t=OSF8M5LreT0Sf2F-JcNk6XMT0ArCuPfDmRR-knCC4HY,,,,,,,,,,,
li-4372225771,linkedin,https://www.linkedin.com/jobs/view/4372225771,,Officer - Purchase,Nestlé,"Sanand, Gujarat, India",2026-02-13,fulltime,,,,,,False,associate,Finance,,,"Main Purpose of Job:
   

  

 Provide holistic support to factory for S\&IM (Servies and indirect materials) spends, ensuring timely deliveries withing Nestle P2P policies . Building strong and reliable network of diversified venodrs. Demonstrating high servce level of procurement operations, agile in execution, supermative in negotiation skills, strong\-willed networking skills, urgency mindset, understanding the needs of the business strong knowledge of technical specifications.
   

  

 Key Outputs:
   

  

* To formulate strategies and directions to ensure value add to business through the specific area of purchase that the manager is handling.
* Identify potential supply / commercial risks and device and implement risk mitigation strategies
* To ensure implementation of sound procurement processes and strategies to achieve the set objectives.
* PPR savings (which includes negotiations)
* To direct, motivate and guide strategic buyers towards meeting of their individual and hence the departments objectives
* Partnership with business on I\&R projects
* Network with the industry / other Nestle markets / zone management to gain an insight into the various spend categories which would help in formulating a sound purchasing strategies.
* Identify potential supply / commercial risks and device and implement risk mitigation strategies
* Accountable for driving projects that cuts across various categories of material and pertains to the overall function
* Operational excellence savings
* Closely liase with business to ensure business priorities and the department activities and priorities are closely aligned to each other.
* Partnership with business on I\&R projects
* To contribute towards overall evolution of the Purchasing function in the direction which ensure long term alignment with market business objectives and development of the department .
* Ensures that he/she adheres to the Nestle India Charter (Nestle India Policy on supply and distribution of Infant Milk Substitutes and Infant Foods in India).He/she must bear in mind that the promotion and protection of Breast Feeding is important for the infants health. He/she is expected to refresh his/her knowledge on the Indian Charter (Nestle India policy on supply and distribution of Infant Milk Substitutes and Infant Foods in India) on a periodic basis.
* Operational excellence savings
* PPR savings (which includes negotiations)
* Partnership with business on I\&R projects
* Identify potential supply / commercial risks and device and implement risk mitigation strategies
* Accountable for “compliance” to the control framework requirements for the section
* Special projects to address the key priority areas


 We are Nestlé, the largest food and beverage company. We are 308,000 employees strong driven by the purpose of enhancing the quality of life and contributing to a healthier future. Our values are rooted in respect: respect for ourselves, respect for others, respect for diversity and respect for our future. With more than CHF 91\.4 billion sales in 2018, we have an expansive presence with 413 factories in more than 85 countries. We believe our people are our most important asset, so we'll offer you a dynamic inclusive international working environment with many opportunities across different businesses, functions and geographies, working with diverse teams and cultures. Want to learn more? Visit us at www.nestle.com.Nestlé is committed to the accessibility of its recruitment process. If you require an adaptation during the recruitment process, please talk to your recruiter so we can support you effectively. All information will be treated confidentially.
   

  

*Nestlé is committed to providing equal opportunities without any discrimination on the grounds of age, color, disability, origin, nationality, religion, race, gender, or sexual orientation. We are an equal opportunity employer, and we value diversity at our company. For any reasonable accommodation in the recruitment process for persons with disabilities, kindly reach out to your recruiter. Reasonable accommodation includes any appropriate modifications to ensure that persons with disabilities are provided an equal platform in the recruitment process.*",Food and Beverage Services,https://ch.linkedin.com/company/nestle-s-a-,https://media.licdn.com/dms/image/v2/C4E0BAQGaL-YyJ8xd7Q/company-logo_100_100/company-logo_100_100/0/1630615758178/nestle_s_a__logo?e=2147483647&v=beta&t=qny1ZgIJDhBogZZt76AygBuYNGdIj4UhIDvQ2R15drY,,,,,,,,,,,
li-4371738048,linkedin,https://www.linkedin.com/jobs/view/4371738048,,Senior Manager - Food & Beverage,DLF Hospitality,"Gurugram, Haryana, India",2026-02-13,fulltime,,,,,,False,mid-senior level,Management,,,"**PURPOSE** 




 This job description outlines the key responsibilities in overseeing the overall food and beverage operations, ensuring excellence in service delivery, and driving revenue growth across dining venues and events for the unit. The role involves leading teams, maintaining high operational standards, enhancing guest dining experiences, and coordinating with internal departments to ensure seamless execution aligned with the property’s service ethos and business objectives.
 







**KEY ORGANIZATIONAL RELATIONSHIPS** 




**Reports to:** 
 Club Head
 



**Reporting Roles:** 
 Restaurant Managers \| Banquet Managers \| Assistant Restaurant Managers \| Assistant F\&B Manager
 



**Interacts with:** 



* External – Members/Guests, Vendors, Consultants, Service Providers, Regulatory Authorities
* Internal – Functional Heads, Managers, Supervisors, Staff, Contractual Staff







**KEY RESPONSIBILITIES** 








**Drive Operational Excellence** 



* Ensure food \& beverage operational efficiency across all areas of the club/unit while adhering to premium service standards.
* Oversee end\-to\-end Food \& Beverage operations including hiring, menu development, engineering, budgeting, quality control, and guest service.
* Lead new F\&B concepts, promotions, and revenue\-generation initiatives.



**Applied Learning** 



* Encourage on\-the\-job learning by providing hands\-on coaching during service hours.
* Use real\-time scenarios and simulations to improve staff decision\-making and service delivery.
* Monitor the application of Standard Operating Process and training courses in day\-to\-day operations.
* Conduct regular assessments to measure the effectiveness of training and skills application.



**Leadership** 



* Demonstrate role\-model behaviour with integrity, professionalism, and accountability.
* Champion innovation and continuous improvement across all aspects of Food \& Beverage.
* Work closely with the leadership team to align F\&B strategy with overall business goals.
* Inspire a high\-performance culture with clear direction, empowerment, and recognition.



**People Management** 



* Supervise, guide, and mentor outlet and banquet teams for operational excellence.
* Facilitate structured training, performance reviews, and succession planning.
* Foster team engagement through open communication, recognition, and development programs.



**Business \& Financial Acumen** 



* Drive departmental profitability through budgeting, forecasting, and cost control.
* Analyse financial reports (P\&L, revenue, cost ratios) to support business decision\-making.
* Implement sales\-driving strategies such as upselling, events, and member experiences.



**Compliance \& Risk Management** 



* Enforce compliance with all food safety, hygiene (FSSAI/HACCP), and OH\&S regulations.
* Ensure all F\&B audits, inspections, and statutory norms are met consistently.
* Identify health, safety, and environmental risks and initiate appropriate preventive actions.
* Manage local management systems (LMS) and HSSE reporting across F\&B areas.







**Occupational Health \& Safety Responsibilities** 



* Champion the implementation and enforcement of OH\&S standards across all operational areas.
* Monitor safety risks, conduct regular safety drills, and update emergency response plans.
* Ensure department heads and teams are trained in HSSE protocols, fire safety, and first aid readiness.
* Record and investigate incidents, enforce preventive measures, and ensure continuous improvement in safety practices.



**JOB REQUIREMENTS / HIRING PROFILE** 








**QUALIFICATIONS** 




 Degree/Diploma from an accredited university in Hotel Management, Event Management
 







**WORK EXPERIENCE** 




 10 years or more experience of hospitality, with at least 2 years as F\&B Manager in a five\-star hotel",Food and Beverage Services and Hospitality,https://in.linkedin.com/company/dlfhospitality,https://media.licdn.com/dms/image/v2/D560BAQEeM9vKM4eMhQ/company-logo_100_100/company-logo_100_100/0/1735887282581/dlfhospitality_logo?e=2147483647&v=beta&t=qgVCo3LE6SOo5WVGuUtR26EqPUmWEFL95Kp4tUGOcbw,,,,,,,,,,,
li-4372728371,linkedin,https://www.linkedin.com/jobs/view/4372728371,,Lead – Production Planning and Control,Reliance Industries Limited,"Jamnagar, Gujarat, India",2026-02-13,fulltime,,,,,,False,director,Production,,,"**Job Description.**
* Create and manage production plans and schedules.
* Collaborate with departments to ensure resource utilization.
* Monitor and maintain inventory levels and order materials.
* Analyse production data for process improvement opportunities.
* Implement quality control measures to meet product specifications.
* Daily MIS preparation and reporting to EPCO
* Plan and organize production workflow for one or multiple products
* Review and prioritize operations to ensure maximum performance and minimum delay
* Collect output information including number of finished products percentage of defectives and so on
* Create status and performance reports and present them to managers
* Work together with quality control warehouse and other staff


**Qualifications**
* Education:
* BE/B.tech in engineering/ any graduate /Postgraduate
* Experience:
* Minimum of 15\+ years of experience in a manufacturing environment.
* Experience in the extrusion process, preferably with EVA/POE encapsulant sheets.",Oil and Gas,https://in.linkedin.com/company/reliance,https://media.licdn.com/dms/image/v2/C560BAQGL2p38Nc6Qkg/company-logo_100_100/company-logo_100_100/0/1661518370542/reliance_logo?e=2147483647&v=beta&t=e4NmhlSkhg2caAh_-xoMrtdjSvxY8gaMtLs8qbWZ5Pk,,,,,,,,,,,
li-4371766279,linkedin,https://www.linkedin.com/jobs/view/4371766279,,Assistant Manager - Projects,Adani Total Gas,"Akola, Maharashtra, India",2026-02-13,fulltime,,,,,,False,mid-senior level,Project Management and Information Technology,,,"**About Business**
**JOB DESCRIPTION**
**Adani Group:** 
 Adani Group is a diversified organisation in India comprising 10 publicly traded companies. It has created a world class logistics and utility infrastructure portfolio that has a pan\-India presence. Adani Group is headquartered in Ahmedabad, in the state of Gujarat, India. Over the years, Adani Group has positioned itself to be the market leader in its logistics and energy businesses focusing on large scale infrastructure development in India with O \& M practices benchmarked to global standards. With four IG rated businesses, it is the only Infrastructure Investment Grade issuer in India.
   

  

**Adani** 
**Total Gas** 
**Limited (A** 
**TG** 
**L)** 
**:** 
 Adani Total Gas Limited is a prominent entity in India's energy sector, specializing in the distribution of natural gas. It operates as a joint venture between the Adani Group and TotalEnergies.
   

  

 ATGL is actively involved in the development of City Gas Distribution (CGD) networks, supplying Piped Natural Gas (PNG) to domestic, commercial, and industrial users, as well as Compressed Natural Gas (CNG) to the transport sector. The company has established CGD networks in various regions, including Ahmedabad and Vadodara in Gujarat, Faridabad in Haryana, and Khurja in Uttar Pradesh. Additionally, through a consortium with Indian Oil Corporation Ltd, ATGL is expanding its services to areas such as Allahabad, Chandigarh, Ernakulam, Panipat, Daman, Dharwad, and Udham Singh Nagar.
   

  

 In line with its commitment to sustainable energy solutions, ATGL has ventured into renewable energy initiatives. The company has established Adani TotalEnergies Biomass Limited (ATBL), a wholly owned subsidiary dedicated to the development of biogas activities in India.
   

  

 Through its comprehensive approach to energy distribution and sustainable practices, Adani Total Gas Limited continues to play a vital role in enhancing energy accessibility and contributing to India's infrastructure development.
   

  

**Job Purpose**
 To provide technical expertise and support in the execution of PNG projects, ensuring that all engineering activities meet design specifications, safety standards, and quality requirements. The Projects Engineer plays a crucial role in overseeing on\-site progress, resolving technical issues, and maintaining clear documentation, contributing to the successful and timely completion of projects while supporting the overall goals of the project team.
   

  

**Responsibilities**
**PNG Projects Engineer \- O3**
**Project Execution And Support**
* Assist in the execution of PNG, including site preparation, equipment installation, and commissioning, ensuring all tasks are completed according to project plans and timelines.
* Collaborate with the Projects Lead to ensure that all engineering activities meet design specifications, safety standards, and quality requirements.
* Conduct on\-site inspections and assessments to monitor progress, identify potential issues, and ensure that all work complies with technical specifications.
* Prepare and update detailed engineering drawings, technical documents, and project plans, ensuring accuracy and compliance with industry standards.
* Coordinate with contractors, suppliers, and vendors to ensure the timely delivery of materials and services required for project completion.


**Technical Support And Problem Solving**
* Provide technical support to the project team, troubleshooting and resolving engineering issues that arise during the project lifecycle.
* Analyze and interpret technical data, drawings, and specifications to support decision\-making and ensure the successful completion of project tasks.
* Implement engineering solutions to address on\-site challenges, ensuring minimal disruption to project timelines and budget.
* Assist in the development and implementation of engineering best practices, focusing on improving efficiency, safety, and quality in project execution.
* Participate in technical meetings and reviews, providing input and recommendations to optimize project outcomes.


**Quality Control And Assurance**
* Monitor and enforce quality control measures throughout all phases of the project, ensuring that all work meets the required standards and specifications.
* Conduct regular inspections and tests on materials, equipment, and systems to verify their compliance with project requirements and industry regulations.
* Document and report any quality issues or non\-conformities, working with the project team to implement corrective actions and prevent recurrence.
* Assist in the development of quality assurance plans and procedures, ensuring that they are effectively implemented and adhered to during project execution.


**Safety And Compliance**
* Ensure that all engineering activities comply with local, regional, and national safety regulations and industry standards, minimizing the risk of accidents or incidents.
* Participate in safety audits and inspections, identifying potential hazards and implementing measures to mitigate risks.
* Provide input on safety protocols and procedures, ensuring that they are followed by all team members and contractors during project execution.
* Assist in the preparation of safety documentation, including risk assessments, method statements, and safety plans, ensuring they are complete and accurate.


**Documentation And Reporting**
* Maintain accurate and up\-to\-date project documentation, including engineering drawings, technical specifications, progress reports, and inspection records.
* Prepare regular project status reports for the Projects Lead, highlighting key achievements, challenges, and any areas requiring attention.
* Assist in the preparation of as\-built documentation upon project completion, ensuring that all records reflect the final state of the project.
* Ensure that all documentation is properly filed and accessible, supporting future project reviews and audits.


**Collaboration And Communication**
* Work closely with other engineers, project managers, and stakeholders to ensure smooth communication and coordination throughout the project lifecycle.
* Participate in project meetings, providing updates on engineering activities and contributing to discussions on project planning and execution.
* Liaise with contractors, suppliers, and vendors to resolve any technical issues and ensure alignment on project objectives and timelines.
* Provide clear and concise technical information to non\-engineering team members, ensuring they understand the requirements and constraints of the project.


**Continuous Improvement And Learning**
* Stay informed about the latest developments in engineering practices, technologies, and industry standards relevant to PNG or CNG projects.
* Identify opportunities for improving engineering processes and practices, proposing and implementing changes that enhance project performance.
* Participate in training and professional development activities to enhance technical skills and knowledge, ensuring continued growth and contribution to the project team.
* Share knowledge and insights with the project team, contributing to a culture of continuous learning and improvement.


**KEY STAKEHOLDERS**
**Internal Stakeholders**
* Regional office
* Corporate office
* TechnoCommercial Team
* HSE Team
* Operations \& Maintenance


**External Stakeholders**
* Vendors
* Contractors
* Local authorities
* Regulatory bodies
* Consultants


**Qualifications**
**Educational Qualification:**
 Bachelor’s degree in Civil Engineering, Mechanical Engineering, or a related field.
   

  

**Work Experience**
 3\+ years of experience, preferably in construction project management.
   

  

 Proven experience in managing large\-scale infrastructure projects from inception to completion.
   

  

**Preferred Industry**
 Experience in the gas distribution, oil and energy, or utilities sectors.",Utilities,https://in.linkedin.com/company/adanitotal-gas,https://media.licdn.com/dms/image/v2/C510BAQEQxbe2w02TKg/company-logo_100_100/company-logo_100_100/0/1630604115554?e=2147483647&v=beta&t=zliZHxmuV5nT56jYaZD6-p31Rjf-rM4b23dJVJd1ajs,,,,,,,,,,,
li-4372731518,linkedin,https://www.linkedin.com/jobs/view/4372731518,https://www.expertia.ai/reliance-newenergy/job/hiring-lead-production-planning-and-control-67189ce4999d8756fb03a426?utm_source=linkedin-jw&easy_apply=true&urlHash=3mWy,Lead – Production Planning and Control,Reliance Industries Limited,"Jamnagar, Gujarat, India",2026-02-13,fulltime,,,,,,False,director,Production,,,"**Job Description.**
* Create and manage production plans and schedules.
* Collaborate with departments to ensure resource utilization.
* Monitor and maintain inventory levels and order materials.
* Analyse production data for process improvement opportunities.
* Implement quality control measures to meet product specifications.
* Daily MIS preparation and reporting to EPCO
* Plan and organize production workflow for one or multiple products
* Review and prioritize operations to ensure maximum performance and minimum delay
* Collect output information including number of finished products percentage of defectives and so on
* Create status and performance reports and present them to managers
* Work together with quality control warehouse and other staff


**Qualifications**
* Education:
* BE/B.tech in engineering/ any graduate /Postgraduate
* Experience:
* Minimum of 15\+ years of experience in a manufacturing environment.
* Experience in the extrusion process, preferably with EVA/POE encapsulant sheets.",Oil and Gas,https://in.linkedin.com/company/reliance,https://media.licdn.com/dms/image/v2/C560BAQGL2p38Nc6Qkg/company-logo_100_100/company-logo_100_100/0/1661518370542/reliance_logo?e=2147483647&v=beta&t=e4NmhlSkhg2caAh_-xoMrtdjSvxY8gaMtLs8qbWZ5Pk,,,,,,,,,,,
li-4372785569,linkedin,https://www.linkedin.com/jobs/view/4372785569,,Customer Service Rep,Renesas Electronics,"Bengaluru, Karnataka, India",2026-02-13,fulltime,,,,,,True,associate,Manufacturing,,,"**Company Description**
**Renesas is one of the top global semiconductor companies in the world. We strive to develop a safer, healthier, greener, and smarter world, and our goal is to make every endpoint intelligent by offering product solutions in the automotive, industrial, infrastructure and IoT markets. Our robust product portfolio includes world leading MCUs, SoCs, Analog and power products, plus Winning Combination solutions that curate these complementary products. We are a key supplier to the world’s leading manufacturers of electronics you rely on every day; you may not see our products, but they are all around you.**
**Renesas employs roughly 21,000 people in more than 30 countries worldwide. As a global team, our employees actively embody the Renesas Culture, our guiding principles based on five key elements: Transparent, Agile, Global, Innovative, and Entrepreneurial. Renesas believes in, and has a commitment to, diversity and inclusion, with initiatives and a leadership team dedicated to its resources and values. At Renesas, we want to build a sustainable future where technology helps make our lives easier. Join us and build your future by being part of what’s next in electronics and the world.**
**Job Description**
 Our Customer Service Team is looking for a talented and experienced individual in business, marketing, finance or similar field to join our team as a
 **Distribution Customer Service Representatives (DCSR) Team** 
 in our \[Bangalore India] office. The successful candidate will work directly with the Sales/Channel Partners and a multinational team of Customer Service Operators worldwide.
   

  

**Primary Responsibilities**
**ROLE \&** 
**RESPONSIBILITIES**
* Supporting in an administrative/reporting function providing information and support internally and externally.
* Focus on support to enable sales to focus on design and customer facing activities. Coordinates with sales team members to ensure goals/ KPIs are met.
* Supporting escalation and coordination as a first level point of contact for regional customers and distributors. Communicates proactively for both internal escalations and short\-term supply changes with the distributors.
* Coordinate with multiple internal Teams (Quote to Cash process, including preparing and managing quotations, order entry, pricing validation, and invoicing with regards to procurement, logistics, finance, and credit control to ensure seamless order fulfillment and payment collection).
* Understands changes in demand to support forecast / backlog alignment with regional distribution and Sales Team. Supports required backlog adjustments in alignment with Asset Management Team.
* Actively work on Quotes and Registrations against backlog coverage.
* Sample Support – ordering, tracking and follow up.
* Support on distribution related projects, demand/ supply transfer / stock rotations etc.
* Maintain in/out stock history and participate in Internal Audits related to the in/out stocks.
* Assist the sales team in processing customer orders and follow\-ups to ensure timely delivery.
* Maintain accurate records of customer interactions, sales orders, quotes, and payment status.
* Respond to customer inquiries regarding product availability, pricing, quotations, delivery schedules, and billing.
* Prepare sales reports and documentation as required by the sales management team.


**Qualifications**
* Bachelor’s degree in business, Engineering, marketing, finance or similar field.
* 4\-7 years of hands\-on experience in customer service, sales support, or similar role.
* Experience with Quote to Cash, Order Management, Sales Support, Sales Operations must have.
* Strong MS Excel skills along with other MS Office products.
* Good team player with the ability to work in teams and cross regions with a proactive approach, consistently delivering high\-quality customer service with focus on building relationships and achieving quality results.
* Ability to adapt to change, work across different ERP systems, reports \& procedures in a fast\-paced environment with a good resilience to stress.
* Strong analytic and quantitative skills, ability to determine trends and propose solutions.
* Advanced command of English both spoken and written. Demonstrating clear and concise written and verbal communication to internal and external stakeholders.
* Must be able to work independently and with strong problem\-solving skills.
* Familiarity with SAP, Model N, Salesforce or Power BI is an added advantage.


**Additional Information**
 Renesas is an embedded semiconductor solution provider driven by its Purpose ‘
 **To Make Our Lives Easier** 
 .’ As the industry’s leading expert in embedded processing with unmatched quality and system\-level know\-how, we have evolved to provide scalable and comprehensive semiconductor solutions for automotive, industrial, infrastructure, and IoT industries based on the broadest product portfolio, including High Performance Computing, Embedded Processing, Analog \& Connectivity, and Power.
   

  

 With a diverse team of over 21,000 professionals in more than 30 countries, we continue to expand our boundaries to offer enhanced user experiences through digitalization and usher into a new era of innovation. We design and develop sustainable, power\-efficient solutions today that help people and communities thrive tomorrow, ‘
 **To Make Our Lives Easier** 
 .’
   

  

**At Renesas, You Can**
* Launch and advance your career in technical and business roles across four Product Groups and various corporate functions. You will have the opportunities to explore our hardware and software capabilities and try new things.
* Make a real impact by developing innovative products and solutions to meet our global customers' evolving needs and help make people’s lives easier, safe and secure.
* Maximize your performance and wellbeing in our flexible and inclusive work environment. Our people\-first culture and global support system, including the remote work option and Employee Resource Groups, will help you excel from the first day.


 Are you ready to own your success and make your mark?
   

  

 Join Renesas. Let’s
 **Shape the Future** 
 together.
   

  

 Renesas Electronics is an equal opportunity and affirmative action employer, committed to supporting diversity and fostering a work environment free of discrimination on the basis of sex, race, religion, national origin, gender, gender identity, gender expression, age, sexual orientation, military status, veteran status, or any other basis protected by law. For more information, please read our Diversity \& Inclusion Statement.
   

  

 We have adopted a hybrid model that gives employees the ability to work remotely two days a week while ensuring that we come together as a team in the office the rest of the time. The designated in\-office days are Tuesday through Thursday for innovation, collaboration and continuous learning.",Semiconductors,https://jp.linkedin.com/company/renesas,https://media.licdn.com/dms/image/v2/D560BAQHlwp8hH_CdSg/company-logo_100_100/B56Zm7Sm_TIAAQ-/0/1759783842062/renesas_logo?e=2147483647&v=beta&t=IPyLH7X_M1aJkP81Og5r0dpxZkleQxB_cRImLz-lxVY,,,,,,,,,,,
li-4372711761,linkedin,https://www.linkedin.com/jobs/view/4372711761,https://careers.cisco.com/global/en/job/CISCISGLOBAL2008379EXTERNALENGLOBAL/Software-Engineer?utm_source=linkedin&utm_medium=phenom-feeds&urlHash=jOpj,Software Engineer,Cisco,"Bengaluru, Karnataka, India",2026-02-13,fulltime,,,,,,False,entry level,Engineering and Information Technology,,,"Please note this posting is to advertise potential job opportunities. This exact role may not be open today but could open in the near future. When you apply, a Cisco representative may contact you directly if a relevant position opens.
   

  

**Job Description**
 Develops software consistent with Cisco ‘Design Thinking Principles’ with a focus on simplification and User Experience at its core, using secure coding practices, ensuring user privacy, and following software development best practices.
   

  

 Brings new ideas for product innovation and helps improve software development processes.
   

  

**What You’ll Do**
* Participates in delivery of technical design features with guidance.
* May apply understanding of how related features in a product solves one or more customer needs.
* Writes functional clean code and unit tests with guidance.
* Performs parts of the coding, debugging, testing and troubleshooting throughout the development process under supervision.
* Assists in code reviews and addresses code review feedback.
* Executes tests for scale, reliability and velocity within own code.
* Applies depth of knowledge in secure coding principles and reviews others' code for compliance.
* Expert in one component of the codebase.
* Shares knowledge from independent learning with the team.
* Estimates time to complete assignments and communicates status, blockers, and delays to the team.
* Identifies paths to eliminate blockers and meet deadlines when needed.
* Collaborates with team members to share learnings or assist in problem solving/resolution.
* Use AI tools such as GitHub Copilot to assist in code development, reviews, and test case generation


**Minimum Qualifications**
* Bachelors/Master of Engineering in Computer Science and allied branches
* Strong Systems/Applications programming skills in C/C\+\+
* Good understanding of Computer Systems and Network Security Area
* Sound background in Data structures and Algorithms.
* 1\-43 years of related work experience is required
* Knowledge of Security Protocols such as TLS, IPSec, MACSec, PKI/Certs and AAA Protocols
* Knowledge of Linux systems programming


 Why Cisco?
   

  

 At Cisco, we’re revolutionizing how data and infrastructure connect and protect organizations in the AI era – and beyond. We’ve been innovating fearlessly for 40 years to create solutions that power how humans and technology work together across the physical and digital worlds. These solutions provide customers with unparalleled security, visibility, and insights across the entire digital footprint.
   

  

 Fueled by the depth and breadth of our technology, we experiment and create meaningful solutions. Add to that our worldwide network of doers and experts, and you’ll see that the opportunities to grow and build are limitless. We work as a team, collaborating with empathy to make really big things happen on a global scale. Because our solutions are everywhere, our impact is everywhere.
   

  

 We are Cisco, and our power starts with you.",Software Development,https://www.linkedin.com/company/cisco,https://media.licdn.com/dms/image/v2/D560BAQFYnR_Zrm87Dg/company-logo_100_100/B56ZnMyVr4HUAQ-/0/1760077372453/cisco_logo?e=2147483647&v=beta&t=-FnJBwOSzJBs2mZI3Vt8hsrLNZhBuwEXpMas5hClACE,,,,,,,,,,,
li-4372741741,linkedin,https://www.linkedin.com/jobs/view/4372741741,,Client Service Analyst,Deutsche Bank,"Mumbai, Maharashtra, India",2026-02-13,fulltime,,,,,,False,not applicable,Information Technology,,,"**Position Overview**
**Job Title: Client Service Analyst**
**Location: Mumbai, India**
**Role Description**
* Candidate should have 05\-6 Years of work experience in Trade Finance operations in branch front office role/back office.
* Operational Knowledge of all Trade products
* Addressing customer queries with regards to trade
* Liaising with regulator and compliance on specific trade queries.
* Preparing/Reviewing Process note/Key operating procedures for Trade related products.
* Support to Branches and processing team in handling day to day trade transaction.
* Actively involved in various process/procedure revision, development, and implementation initiative with emphasis on operational risk management.
* Handling EDPMS \& IDPMS related queries, tracking \& closure.
* Prepare MIS Weekly/Monthly, Production sheet to monitor movement of key business indicators and facilitate information flow \& decision making.
* Monitoring \& controls keep a track of daily productivity of the team, also regular checks on adherence of the process notes and KOPs by the team and branches.


**What We’ll Offer You**
 As part of our flexible scheme, here are just some of the benefits that you’ll enjoy
   

  

* Best in class leave policy
* Gender neutral parental leaves
* 100% reimbursement under childcare assistance benefit (gender neutral)
* Sponsorship for Industry relevant certifications and education
* Employee Assistance Program for you and your family members
* Comprehensive Hospitalization Insurance for you and your dependents
* Accident and Term life Insurance
* Complementary Health screening for 35 yrs. and above


**Your Key Responsibilities**
* Handling EDPMS \& IDPMS related queries, tracking \& closure.
* Prepare MIS Weekly/Monthly, Production sheet to monitor movement of key business indicators and facilitate information flow \& decision making.
* Monitoring \& controls keep a track of daily productivity of the team, also regular checks on adherence of the process notes and KOPs by the team and branches.
* Keep updating team \& branches on the changes in process.
* Excel skills and good communication skills


**Your Skills And Experience**
* Regulatory and other risks to the line manager and functional leads as appropriate
* Building and managing relationships with the front office and other internal and/or external parties


**How We’ll Support You**
* Training and development to help you excel in your career
* Coaching and support from experts in your team
* A culture of continuous learning to aid progression
* A range of flexible benefits that you can tailor to suit your needs


**About Us And Our Teams**
 Please visit our company website for further information:
   

  

 https://www.db.com/company/company.html
   

  

 We strive for a culture in which we are empowered to excel together every day. This includes acting responsibly, thinking commercially, taking initiative and working collaboratively.
   

  

 Together we share and celebrate the successes of our people. Together we are Deutsche Bank Group.
   

  

 We welcome applications from all people and promote a positive, fair and inclusive work environment.",Financial Services,https://de.linkedin.com/company/deutsche-bank,https://media.licdn.com/dms/image/v2/D4E0BAQHPxOQjSTf63Q/company-logo_100_100/company-logo_100_100/0/1733126326977?e=2147483647&v=beta&t=Sox1AP2RLBDINbiSLzHmDnuHDV-LTcQdBKVQ2b6mFVg,,,,,,,,,,,
li-4372726817,linkedin,https://www.linkedin.com/jobs/view/4372726817,https://jobs.volvogroup.com/job/Bangalore-Supply-Planner-562122/1341986955/?feedId=361555&utm_source=linkedin&urlHash=ourQ,Supply Planner,Volvo Group,"Bengaluru, Karnataka, India",2026-02-13,fulltime,,,,,,False,not applicable,Distribution and Supply Chain,,,"Transport is at the core of modern society. Imagine using your expertise to shape sustainable transport and infrastructure solutions for the future. If you seek to make a difference on a global scale, working with next\-gen technologies and the sharpest collaborative teams, then we could be a perfect match.
   

  

 Service Operations \& Technology (SO\&T) is the organization within the Volvo Group that secures and develops the service operations and technical solutions our customers depend on, every day, across the globe, for all brands of the Group.
   

  

 We sit at the heart of the Volvo Group’s service ambition, enabling uptime, trust, profitability, and sustainable growth for customers across the globe.
   

  

 The world around us is changing fast, and the service business is becoming one of the most strategic growth areas for the Volvo Group. SO\&T turns this momentum into action by translating strategy into concrete solutions and stable operations. Guided by a clear Customer First mindset, we work side by side with commercial and operational teams to secure up time, create transparency, and deliver scalable, data driven services that unlock new business models and support a competitive, segmented offer.
   

  

 Resilience and sustainability are built into everything we do. We design and run robust, AI\-enabled processes and systems that strengthen the end\-to\-end value chain, increase flexibility, and ensure we are always ready when our customers need us. At the same time, we actively contribute to the Volvo Group’s sustainability transformation by enabling circular and electromobility services, reducing emissions and waste in our operations, and helping shape a service ecosystem that is better for our people, our planet, and our company.
   

  

 Joining SO\&T means being part of a diverse, collaborative community who are passionate about developing the Volvo Group’s service business and turning strategy into impact – every decision, every investment, and every step forward.
   

  

**What You Will Do**
 At SO\&T you will contribute to the transformation of our company, the transport industry, and society at large. You will manage a portfolio of suppliers and spare parts references for multiple group brands. This includes supplier management, parts availability, backorder handling, and supplier escalation. We also drive the development of the supply planning process through continuous improvement. The work activities are carried out in close collaboration with Volvo Group brands, buyers, engineering, demand/inventory planning. We offer you a position where you will get an excellent opportunity to build a broad international network both internally and externally.
   

  

 We are on a journey where we explore new digital solutions with the aim of developing new ways of working. Maintaining and developing these solutions will be an important part of what we do. This is a great time to join us as the cooperative environment and explorative mindset that we have is quite unique.
   

  

**Responsibilities**
* You will have overall responsibility for a portfolio of suppliers and supplier relations
* You ensure and develop supplier delivery performance
* You provide customers and stakeholders with information on expected delivery date (ETA)
* You actively work to avoid customer backorders
* Secure spare parts availability for our customers by keeping optimal stock levels our European central warehouses.
* Ensure inventory level is coherent with our stock holding policy
* Optimise transport cost
* With a mindset for continuous improvement, you actively participate in finding improvements in the material planning processes
* Explore the network for optimizing deliveries and escalating suppliers in case of deviations


**Your future team**
 At Supply Planning we are responsible for the supply of spare parts from 4000\+ suppliers to our European central warehouses. In our team, we truly believe that a supportive environment, curiosity, and team effort gives you a passion for what you do. And when you have that passion, our customers will notice! You will join a new team, giving you the chance to help shape its dynamics and collaboration.
   

  

**Who are you?**
 We believe in the power of a diverse, collaborative team. Even if you don’t tick every box, if you’re curious, eager to learn, and ready to step outside your comfort zone, you might be the perfect fit.
   

  

 To Succeed With Us, You Should Be a Team Player, Dedicated To Developing Both Yourself And Your Colleagues. Additionally, We Would Like You To Bring The Following Qualities
   

  

* Minimum of 3\-6 years experience in a related area
* Graduate degree in a relevant field (e.g.: Supply Chain management, Operations management, Logistics \& Supply Chain)
* Fluency in spoken and written English
* Customer\-oriented attitude with a strong willingness to learn
* Continuous improvement experience is a plus
* Excel, Office 365, Power BI proficiency is a plus
* Familiarity with MS Azure, Power Automate, Python (plus)
* Data analytics ability
* Teamwork and communication skills


**Travel** 
 : Occasional travel to our Hoskote plant and suppliers across India and Asia.
   

  

**Location** 
 : Bangalore, India
   

  

 You will be employed by Volvo Group India with attractive employee benefits.
   

  

 Your working hours will be 11:00 am to 8:30 pm IST, maximizing connection possibilities with colleagues and supplier base distributed mainly over Europe.
   

  

**Ready for the next move?**
 If you want to make a real impact in your career, the Service Operations \& Technology business is where you want to be. We look forward to meeting you.
   

  

 Volvo Group never requests any form of payment or fees from candidates at any stage of the recruitment process. Any such demand is a scam. To view the authentic job description and apply securely, please visit:
 *Jobs at Volvo Group*
 We value your data privacy and therefore do not accept applications via mail.
   

  

**Who We Are And What We Believe In**
 We are committed to shaping the future landscape of efficient, safe, and sustainable transport solutions. Fulfilling our mission creates countless career opportunities for talents across the group’s leading brands and entities.
   

  

 Applying to this job offers you the opportunity to join
 **Volvo Group** 
 . Every day, you will be working with some of the sharpest and most creative brains in our field to be able to leave our society in better shape for the next generation. We are passionate about what we do, and we thrive on teamwork. We are almost 100,000 people united around the world by a culture of care, inclusiveness, and empowerment.
   

  

**Trucks Technology \& Industrial Division** 
 hire team players who are ready to create real customer impact. Our decentralized teams work close to our customers, with speed and autonomy, to build what they truly need.
   

  

 Join us to collaborate on innovative, sustainable technologies that redefine how we design, build, and deliver value. Bring your curiosity, your expertise, and your collaborative energy, and together, we’ll turn bold ideas into tangible solutions for our customers and contribute to a more sustainable tomorrow.",Motor Vehicle Manufacturing,https://se.linkedin.com/company/volvo-group,https://media.licdn.com/dms/image/v2/C4D0BAQF6VxeKGI-lyg/company-logo_100_100/company-logo_100_100/0/1632477690193/volvo_group_logo?e=2147483647&v=beta&t=TBHevHwbPwxnhRBqx67f6OU1m1_kaUIXM7pWA0RrNyw,,,,,,,,,,,
li-4371771761,linkedin,https://www.linkedin.com/jobs/view/4371771761,,Product Manager,Wisemonk,"Bengaluru, Karnataka, India",2026-02-13,fulltime,,,,,,False,mid-senior level,Product Management,,,"**COMPANY OVERVIEW:** 




 One of our client, is a leading IT services and consulting firm, specializing in development of blockchain applications, DeFi marketplaces, payment infrastructure, prediction games, etc. and helping global organizations by building first\-of\-its\-kind products, maintaining their data pipelines, cloud infrastructure and scaling their operations efficiently. It is founded by IIT, IIM \& ISB alumni who have worked in building scalable technology and data\-driven products for multiple startups across industries and have cumulative experience of 40\+ yrs.
 



  





  





**ROLE OVERVIEW:** 




 We’re looking for a results\-driven
 **Product Manager** 
 to take end\-to\-end ownership of product performance across our web and mobile platforms. This role sits at the intersection of product strategy, analytics, and user experience.
 



 You will define how we measure success, deeply understand user behavior and influence product decisions. You’ll work closely with Engineering, Design, and Growth teams to build a strong data\-backed foundation, develop a deep understanding of the prediction markets landscape, and continuously evaluate the evolving needs of our users and business.
 



 This role offers high ownership, autonomy and visibility. You’ll be encouraged to explore data, test hypotheses, challenge assumptions, and continuously refine the product roadmap based on evidence—not opinions.
 



  





  





**JOB RESPONSIBILITIES:** 



* This role requires high level of accountability. You will own targets for which you need to be answerable and your performance will be judged by that.
* Collaborate closely with Design, Analytics, Engineering, and Business stakeholders to understand user needs, business objectives, and product requirements.
* Conduct industry research, competitive analysis, and user research to identify opportunities and generate product ideas.
* Translate product concepts into wireframes, user flows, and detailed Product Requirement Documents (PRDs).
* Apply a strong understanding of UI/UX principles to drive intuitive, scalable experiences for our mobile and web\-based e\-commerce application.
* Analyze user behavior, funnels, cohorts, and retention metrics to uncover insights, identify friction points, and drive growth opportunities.
* Support A/B testing and experimentation by defining success metrics, analyzing experiment results, and recommending next steps.
* Take end\-to\-end ownership of assigned product areas, contributing both strategically and hands\-on as an individual contributor.
* Deliver results in a dynamic and fast\-paced startup culture.



  





  





**SKILLS REQUIRED:** 



* Leadership capability to influence the product strategy and plan and execute new initiatives which deliver concrete results.
* Experience of owning targets and meeting them.
* Be highly articulate and precise when communicating insights to both technical and non\-technical stakeholders.
* **5\+ years of experience** 
 in product management and product analytics for
 **B2C products** 
 , preferably in
 **e\-commerce, fintech or gaming** 
 .
* Strong
 **analytical and problem\-solving skills** 
 with a clear product mindset and business orientation.
* Strong understanding of
 **user journeys, funnels, cohorts, retention, and growth metrics** 
 .
* Experience supporting
 **experimentation and A/B testing** 
 , including metric definition and result analysis.
* Prior experience with setting up and leveraging Google Analytics, Google Tag Manager and Mixpanel.
* Hands\-on with SQL, data visualization tools, Figma (basic\-level), so that you can operate independently.
* Ability to bring structure to chaos, prioritize multiple initiatives and align stakeholders.",Financial Services,https://in.linkedin.com/company/wisemonk,https://media.licdn.com/dms/image/v2/D560BAQG8n_D1EVexnw/company-logo_100_100/company-logo_100_100/0/1681375202750/wisemonk_logo?e=2147483647&v=beta&t=O_gumw0akwSOslTqLf-_4isih-N8Ioj2unrwjINxQ_o,,,,,,,,,,,
li-4372263081,linkedin,https://www.linkedin.com/jobs/view/4372263081,,Manager / Sr. Manager - Legal,Godrej Properties Limited,"Mumbai, Maharashtra, India",2026-02-13,fulltime,,,,,,False,mid-senior level,Legal,,,"Hiring \| Sr. Manager – Legal (Real Estate) \| Mumbai
 



  





 We are hiring multiple Senior Legal Professionals to strengthen our Real Estate Legal function across
 **Due Diligence, Litigation, and Plotted Development.** 




  





 📍 Location: Mumbai (Vikhroli)
 



 🎓 Qualification: LLB
 



 🕒 Experience: 8 –15 Years (Real Estate / Law Firm preferred)
 



  





 🔹
 **Role Overview** 




  





 The incumbent will be responsible for handling end\-to\-end legal support across:
 


* Land title due diligence \& transaction structuring
* Drafting and closure of development / JV agreements
* Customer documentation \& dispute management
* Litigation handling \& court representation
* Legal advisory to internal stakeholders



  





 🔹
 **Key Responsibilities** 




  




* Conduct detailed
 **title due diligence** 
 and identify transaction risks
* Draft JDA, SPA, SHA, Development Agreements, Sale Deeds, Lease Deeds, POA
* Structure real estate transactions (JV / LLP / Collaboration models)
* Handle customer agreements, allotment letters, possession documents
* Represent the company in litigations and draft pleadings/notices
* Liaise with authorities for approvals and registrations
* Provide legal advisory support to cross\-functional teams



  





 🔹
 **We Are Looking For Professionals With Experience In Any Of The Below Areas:** 




  




* Land Due Diligence \& Maharashtra Revenue Records
* Real Estate Litigation (Civil / RERA matters)
* Plotted Development \& Land Aggregation
* Deal Structuring \& JV Negotiations
* Customer Dispute Handling



  





 🔹
 **Key Skills** 




  




* Strong drafting \& negotiation skills
* In\-depth knowledge of real estate legislations
* Ability to manage multiple transactions under tight timelines
* Good Communication Skills.",Legal Services,https://in.linkedin.com/company/godrejproperties,https://media.licdn.com/dms/image/v2/D4D0BAQH5kQi5WUMaag/company-logo_100_100/company-logo_100_100/0/1723103956267/godrejproperties_logo?e=2147483647&v=beta&t=E0cZgloNRYfCBMSuv7KOPKGSLDqgRB8DEtaLI2wMo44,,,,,,,,,,,
li-4372244236,linkedin,https://www.linkedin.com/jobs/view/4372244236,,Sr. Software Engineer,LinkedIn,"Bengaluru, Karnataka, India",2026-02-13,fulltime,,,,,,False,mid-senior level,Engineering,,,"**Company Description**
 LinkedIn is the world’s largest professional network, built to create economic opportunity for every member of the global workforce. Our products help people make powerful connections, discover exciting opportunities, build necessary skills, and gain valuable insights every day. We’re also committed to providing transformational opportunities for our own employees by investing in their growth. We aspire to create a culture that’s built on trust, care, inclusion, and fun – where everyone can succeed.
   

  

 Join us to transform the way the world works.
   

  

**Job Description**
 At LinkedIn, our approach to flexible work is centered on trust and optimized for culture, connection, clarity, and the evolving needs of our business. The work location of this role is hybrid, meaning it will be performed both from home and from a LinkedIn office on select days, as determined by the business needs of the team.
   

  

 Productivity Engineering is a team at LinkedIn that builds products that power LinkedIn’s business. We drive technology vision, architecture, and design systems that help the company deliver major business processes (go\-to\-market, sales, finance, and customer support etc.). We deliver applications and products that let our customers do business with us in a seamless way, help grow our top line, and increase our efficiency.
   

  

 As a part of this world\-class software engineering team, you will be charged with architecting, designing, developing, and supporting some Internet\-scale features and infrastructures at LinkedIn. The ideal candidate will be excited for the challenge to transform and think critically on many computer science disciplines including product design, usability, building APIs and user\-centric online applications, business logic, scaling performance, and 24x7 reliability.
   

  

**Responsibilities**
* Scale distributed applications, make architectural trade\-offs applying synchronous and asynchronous design patterns, write code, and deliver with speediness and quality.
* Develop multi\-tier scalable, high\-volume performing, and reliable user\-centric applications that operate 24x7\.
* Produce high quality software that is unit tested, code reviewed and checked in regularly for continuous integration.
* Design, implement, and maintain backend services and APIs (REST/gRPC) with a focus on performance, reliability, and operational simplicity.
* Implement robust data persistence and caching strategies (SQL/NoSQL, Redis, etc.) and optimize queries and schemas for scale.
* Identify, leverage, and successfully evangelize opportunities to improve engineering productivity.
* Ensure observability: logging, metrics, tracing
* Participate in on\-call rotations and incident response, drive postmortems and continuous improvement.
* Collaborate cross\-functionally to align technical solutions with product and business goals.


**Qualifications**
 Basic Qualifications
   

  

* BA/BS Degree in Computer Science or related technical discipline, or related practical experience.
* CS fundamentals: data structures, algorithms, concurrency, OOP and design patterns.
* 5\+ years’ experience programming experience in Java / C\# / similar
* Hands\-on experience with microservices, API design (REST / gRPC), and inter\-service communication patterns.
* Experience with messaging/event systems.
* Testing discipline: unit, integration.
* Debugging and performance tuning skills.
* Effective written and verbal communication skills


**Preferred Qualifications**
* 5\+ years of relevant work experience.
* Proven coding skills in a high\-level language with interest and ability to learn other coding languages as needed.
* Practical experience with cloud platforms and cloud\-native services.
* Experience building applications and services with IDEs and general development practices.
* Experience with CI/CD pipelines.
* Knowledge of authentication/authorization standards (OAuth2, JWT).


 Suggested Skills
   

  

* Data Structures \& Algorithms
* Software Design
* Java / C\# / similar
* Git, CI/CD
* RESTful APIs
* Cloud


**Additional Information**
**India Disability Policy**
 LinkedIn is an equal employment opportunity employer offering opportunities to all job seekers, including individuals with disabilities. For more information on our equal opportunity policy, please visit https://legal.linkedin.com/content/dam/legal/Policy\_India\_EqualOppPWD\_9\-12\-2023\.pdf
   

  

**Global Data Privacy Notice for Job Candidates**
 Please follow this link to access the document that provides transparency around the way in which LinkedIn handles personal data of employees and job applicants: https://legal.linkedin.com/candidate\-portal.","Technology, Information and Internet",https://www.linkedin.com/company/linkedin,https://media.licdn.com/dms/image/v2/C560BAQHaVYd13rRz3A/company-logo_100_100/company-logo_100_100/0/1638831590218/linkedin_logo?e=2147483647&v=beta&t=_PvUQac1LcQjfzQ33gtxFqjvIxBbtsM9ZqIxLs5QcFI,,,,,,,,,,,
li-4372754346,linkedin,https://www.linkedin.com/jobs/view/4372754346,https://careers.db.com/professionals/search-roles/?test.html%3Fkid%3D=linkedinjobwrap#/professional/job/70873&urlHash=31Gt,Business Finance Senior Analyst,Deutsche Bank,"Mumbai, Maharashtra, India",2026-02-13,fulltime,,,,,,False,not applicable,Finance and Sales,,,"**Position Overview**
**In Scope of Position based Promotions (INTERNAL only)**
**Job Title: Business Finance Senior Analyst**
**Corporate Title: Associate**
**Location: Mumbai, India**
**Role Description**
* The Business Finance function is responsible for the production of business level revenue attribution, financial accounting and financial disclosures. It ensures, on a daily basis, the accurate and timely reporting of Profit and Loss (PnL) for each business unit and ensures that the drivers behind the risk positions and PnL are fully understood and explained.
* It also ensures that all of the Bank’s transactions and positions are correctly reflected in the Bank’s accounting records and disclosures, in accordance with relevant accounting standards.


**What We’ll Offer You**
 As part of our flexible scheme, here are just some of the benefits that you’ll enjoy,
   

  

* Best in class leave policy.
* Gender neutral parental leaves
* 100% reimbursement under childcare assistance benefit (gender neutral)
* Sponsorship for Industry relevant certifications and education
* Employee Assistance Program for you and your family members
* Comprehensive Hospitalization Insurance for you and your dependents
* Accident and Term life Insurance
* Complementary Health screening for 35 yrs. and above


**Your Key Responsibilities**
* Responsible for the accurate and timely production of daily T\+1 P\&L production, attribution and analysis.
* Providing daily commentary and variance investigation to Front Office traders and senior Finance managers
* Break investigation and resolution: Model vs Actual(Ledger) Cash, FO/MO system vs trade docs etc
* Model risk control exceptions resolution
* Ensure compliance to risk and control guidelines.
* Stakeholder management by prompt response to various queries/issues from Finance directors, onshore management, Front office traders, Fincon, Risk management, etc.
* Understand trade flows, booking structures and ensure that the trades are captured in accordance with such defined structure which will enable accurate funding cost allocation through Funds transfer pricing.


**Your Skills And Experience**
* Financial Control and product control experience in Investment Banking
* Strong understanding of financial market products such as Loans, Bonds, Credit, derivatives, Cash Equity, Swaps, Options and Futures.
* Solid Fixed Income product knowledge i.e. Bonds, CDS, TRS, IRS \& Loans.
* IFRS/GAAP knowledge is preferred
* Strong knowledge / experience of front to back Investment Banking environment (trade capture to balance sheet)
* Ability to manage time effectively, prioritizes responsibilities, and escalates issues as necessary.
* Proficient in Microsoft Office applications, strong Word and Excel skills required
* Exposure to multiple front office systems.


**Education**
* Preferably qualified MBA/Chartered Accountant / CPA / ACCA / CIMA / CFA.


**How We’ll Support You**
* Training and development to help you excel in your career.
* Coaching and support from experts in your team.
* A culture of continuous learning to aid progression.
* A range of flexible benefits that you can tailor to suit your needs.


**About Us And Our Teams**
 Please visit our company website for further information:
   

  

**https://www.db.com/company/company.html**
 We strive for a culture in which we are empowered to excel together every day. This includes acting responsibly, thinking commercially, taking initiative and working collaboratively.
   

  

 Together we share and celebrate the successes of our people. Together we are Deutsche Bank Group.
   

  

 We welcome applications from all people and promote a positive, fair and inclusive work environment.",Financial Services,https://de.linkedin.com/company/deutsche-bank,https://media.licdn.com/dms/image/v2/D4E0BAQHPxOQjSTf63Q/company-logo_100_100/company-logo_100_100/0/1733126326977?e=2147483647&v=beta&t=Sox1AP2RLBDINbiSLzHmDnuHDV-LTcQdBKVQ2b6mFVg,,,,,,,,,,,
li-4371758328,linkedin,https://www.linkedin.com/jobs/view/4371758328,,Area Sales Executive,Exide Industries Limited,"Vellore, Tamil Nadu, India",2026-02-13,fulltime,,,,,,False,entry level,Sales,,,"The Area Sales Executive (ASE) will accelerate our sales efforts in the assigned territory. The ASE will be responsible for achieving sales targets, managing channel partners, executing brand\-building activities and supporting digital and promotional initiatives in the assigned territory. This role is critical in driving business growth and strengthening our presence in the market.
 



  





 1\. Achieving Sales Turnover
 



 Meet or exceed monthly and yearly segment\-wise sales targets.
 



  





 Drive growth in the assigned territory by building on previous sales performance.
 



  





 Analyze market trends, customer needs, and competitor activity to optimize sales strategy.
 



  





 2\. Channel Partner Management
 



 Maintain effective communication and coordination with existing channel partners.
 



  





 Ensure partners comply with digital process requirements.
 



  





 Identify and onboard new channel partners to strengthen market coverage.
 



  





 3\. Brand Building Activities
 



 Plan and execute brand\-building events such as:
 



  





 Mechanic meetings
 



  





 Fleet owner meets
 



  





 Dealer and sub\-dealer engagements
 



  





 Visual merchandising initiatives
 



  





 Enhance brand visibility and ensure consistent brand representation in the market.
 



  





 4\. Digital Initiative Compliance
 



 Support and implement all digital initiatives introduced by the company.
 



  





 Enable channel partners to adopt digital tools and platforms for business enhancement.
 



  





 Track and report digital engagement metrics within the territory.
 



  





 5\. Scheme Implementation
 



 Effectively communicate ongoing incentive schemes to Dealers, Sub\-Dealers, and Direct Sales Representatives (DSRs).
 



  





 Ensure timely and accurate implementation of schemes to drive participation and boost sales performance.
 



  





 Monitor scheme effectiveness and provide feedback for improvements.
 



  





 1\. Achieve monthly, quarterly, and annual primary and secondary sales targets for assigned territory
 



 2\. Drive volume growth across product categories — eg. automotive, inverter, and industrial batteries.
 



 3\. Develop and manage the dealer and distributor network to ensure market coverage and product availability
 



 4\. Identify potential channel partners and recommend appointments where required to drive primary \& secondary
 



 5\. Conduct regular market visits to track market trends, competitor activities, and customer feedback.
 



 6\. Submit daily, weekly, and monthly sales reports, market feedback, and competitor activity updates
 



  





  





 Soft Skills :
 



 1\. Self\-motivated with a goal\-oriented mindset.
 



 2\. Familiarity with digital tools and CRM systems is an added advantage.
 



 3\. Willingness to travel within the assigned territory.
 



  





  





 Bachelor's degree in Business, Marketing, or a related field. MBA mandatory.
 



 Age : not beyond 30 years
 



  





 3\+ years of experience in sales and channel management, preferably in \[FMCG/Automotive components/Lubricants/Consumer Durables].",Manufacturing,https://in.linkedin.com/company/exide-industries-limited,https://media.licdn.com/dms/image/v2/C4D0BAQGPz0AlJ2v-Fg/company-logo_100_100/company-logo_100_100/0/1630475392452/exide_industries_limited_logo?e=2147483647&v=beta&t=2trQ7zt6JHdRY93V9CkWuQwO0orAB8yzVYjtvP37_9Q,,,,,,,,,,,
li-4371767754,linkedin,https://www.linkedin.com/jobs/view/4371767754,,Assistant Manager-WTG Manufacturing,Adani Group,"Mundra, Gujarat, India",2026-02-13,fulltime,,,,,,False,mid-senior level,Management and Manufacturing,,,"**About Business**
**JOB DESCRIPTION**
**Adani Group:** 
 Adani Group is a diversified organisation in India comprising 10 publicly traded companies. It has created a world class logistics and utility infrastructure portfolio that has a pan\-India presence. Adani Group is headquartered in Ahmedabad, in the state of Gujarat, India. Over the years, Adani Group has positioned itself to be the market leader in its logistics and energy businesses focusing on large scale infrastructure development in India with O\&M practices benchmarked to global standards. With four IG rated businesses, it is the only Infrastructure Investment Grade issuer in India.
   

  

**Wind Turbine Generator (WTG)** 
**:** 
 Adani Wind Turbine Generators (WTG) is a leading player in the renewable energy sector, specializing in the design, manufacturing, and installation of high\-performance wind turbine systems. With a commitment to sustainability, Adani WTGs deliver efficient and reliable energy solutions, contributing to clean power generation across global markets.
   

  

**Job Purpose**
 The Area Incharge is responsible for supervising shop floor activities related to wind turbine blade manufacturing, ensuring that production schedules and quality standards are met. This role oversees material handling, equipment operation, and maintenance, while implementing process improvements and safety protocols. Additionally, the Area Incharge tracks production performance, provides training, and supports continuous improvement to enhance efficiency and minimize waste.
   

  

**Responsibilities**
**Shop Floor Management**
* Supervise shop floor activities, including mold preparation, composite material layup, and curing processes, ensuring adherence to production schedules and quality standards.
* Coordinate the activities of production teams to maintain efficient workflow and address any operational issues promptly.


**Material Handling and Inventory Management**
* Oversee the handling and storage of raw materials, including composite fibers and resins, ensuring proper material handling procedures and efficient inventory management.
* Monitor material usage and coordinate with supply chain teams to manage inventory levels and avoid production delays.


**Quality Control Implementation**
* Oversee the application of quality control measures at various production stages, including visual inspections, mechanical property testing, and dimensional checks using coordinate measuring machines (CMM).
* Collaborate with the Quality Assurance team to address and resolve any quality issues, implementing corrective actions as needed.


**Equipment Operation and Maintenance**
* Manage the operation and maintenance of production equipment, including mold systems, resin mixing and dispensing machines, and curing ovens.
* Perform routine maintenance and troubleshooting to ensure equipment reliability and prevent production downtime.


**Process Improvement Initiatives**
* Identify and implement process improvements in areas such as mold preparation, resin application techniques, and curing process optimization to enhance production efficiency and reduce waste.
* Evaluate new technologies and methodologies to advance production capabilities and maintain a competitive edge.


**Safety Protocols**
* Implement and monitor safety measures specific to blade manufacturing, including handling of high\-temperature curing systems and hazardous materials like epoxy resins.
* Conduct regular safety audits and training sessions to ensure compliance with safety regulations and minimize risks.


**Performance Tracking and Reporting**
* Track and analyze production performance metrics, such as blade output rates, defect rates, and cycle times, using production management software and data analysis tools.
* Prepare detailed performance reports and present findings to the Head of Production, identifying trends and areas for improvement.


**Training and Development**
* Provide training and support to production staff on technical procedures, safety protocols, and equipment operation.
* Mentor junior team members and facilitate skill development to enhance overall team performance and capabilities.


**Key Stakeholders \- Internal**
* Head \- Production
* Engineer \- Production
* Maintenance Technicians
* Quality Assurance Team


**Key Stakeholders \- External**
* Suppliers
* Equipment Maintenance Contractors
* Regulatory Inspectors


**Qualifications**
**Educational Background:**
* Diploma or B.Tech/BE in Mechanical Engineering, Industrial Engineering, or a related field.


**Work Experience**
* 8\+ years of experience in shop floor management within a manufacturing environment, preferably in wind turbine blade production.


**Industry Knowledge**
* Knowledge of composite material handling, equipment maintenance, and production safety standards.",Utilities,https://in.linkedin.com/company/adani-group,https://media.licdn.com/dms/image/v2/C560BAQHkw3-_Vbmv_w/company-logo_100_100/company-logo_100_100/0/1630592177979/adani_group_logo?e=2147483647&v=beta&t=2gDH1X9lhH96t_hIyGVmldJi0yqjgiRUuGRhRex2T38,,,,,,,,,,,
li-4372243108,linkedin,https://www.linkedin.com/jobs/view/4372243108,https://vhr.darwinbox.in/jobs/jobsdetailed/id/a698ed1a72bc7a/grp_company/a6177d104ee14d&urlHash=vMy7,Process Engineer,Cairn Oil and Gas,"Barmer, Rajasthan, India",2026-02-13,fulltime,,,,,,False,mid-senior level,Other,,,"Cairn Oil \& Gas, a Vedanta Company, India’s largest private oil and gas producer, is looking to hire a Process Engineer. The incumbent will be responsible for leading process engineering efforts across concept, FEED, and detailed design phases of upstream projects.
 



  





**Job Summary** 




 :We are seeking a highly experienced
 **Process Lea** 
 d with 10–15 years of experience in the upstream oil \& gas sector. The ideal candidate will have strong expertise in process design, optimization, and operations related to offshore and onshore oil \& gas production facilities. The Process Lead will be responsible for leading process engineering efforts across concept, FEED, and detailed design phases of upstream projects
 



  





**.
   

 Key Responsibilitie** 



* s:Lead and manage process engineering activities for upstream oil \& gas projects (onshore/offshore
* ).Prepare and review process deliverables including PFDs, P\&IDs, heat and material balances, equipment sizing, process datasheets, and cause \& effect diagram
* s.Provide technical leadership during project phases such as conceptual design, FEED, detailed engineering, and commissionin
* g.Ensure compliance with industry standards (API, ASME, ISO, etc.) and company TSG specification
* s.Work closely with multidisciplinary teams including mechanical, instrumentation, piping, and safety engineerin
* g.Coordinate with clients, licensors, vendors, and contractors to ensure alignment on process requirement
* s.Support HAZOP, HAZID, SIL, and other safety studie
* s.Provide process simulations using tools such as HYSYS, Aspen Plus, or equivalen
* t.Participate in design reviews, technical workshops, and value engineering exercise
* s.Provide mentoring and guidance to Young process engineer



  





**s.
   

 Key Requiremen** 



* ts:Bachelor’s or master’s degree in chemical engineering or equivale
* nt.10–15 years of relevant experience in upstream oil \& gas indust
* ry.Proven experience in process design for production facilities (separation, gas processing, dehydration, compression, water treatment, etc
* .).Hands\-on experience with process simulation software (e.g., Aspen HYSYS, PRO/II, etc
* .).Strong understanding of industry codes and standards (API, ISO, IEC, etc
* .).Experience working on international projects is a pl
* us.Excellent communication, leadership, and project coordination skil



  




 ls.",Oil and Gas,https://in.linkedin.com/company/cairn-india-ltd,https://media.licdn.com/dms/image/v2/D4D0BAQGrqg-TSxrlhQ/company-logo_100_100/company-logo_100_100/0/1694599901332/cairn_india_ltd_logo?e=2147483647&v=beta&t=eOtMlfwWuzbQaIgQnc6eUyPJ8muYurvgAwSljcxjAFI,,,,,,,,,,,
li-4372239179,linkedin,https://www.linkedin.com/jobs/view/4372239179,,Hindi Translator (Freelancer),Deccan AI Experts,,2026-02-13,parttime,,,,,,True,not applicable,Education and Writing/Editing,,,"**About Us:** 




 We are a new\-age AI solutions firm with an ultra\-high\-quality talent pool out of India for RLHF. Our experts in the specific domain of their expertise help curate hyper\-specific LLM datasets. We have operations across the US and India and are working with the top AI firms globally to take their large language models (LLMs) to the next level of quality and consistency.
 



  





 We are looking for skilled
 **freelance translators who are proficient in Hindi** 
 . This role involves translation and content creation. If you are fluent in reading, writing/typing, and communicating in Hindi and are seeking a
 **flexible, remote role** 
 , this opportunity is for you!
 



  





**Key Responsibilities:** 



* Translate content to Hindi.
* Create high\-quality, culturally relevant written content as needed.
* Maintain consistency, accuracy, and context in all tasks.



  





**Requirements:** 



1. Fluency in reading, writing/typing, and understanding in Hindi.
2. Strong translation, and communication skills.
3. Previous experience in content creation, transcription, or translation is a plus.



  





**Why join us?** 



* Pay up to ₹500 per hour, with potential for growth based on performance.
* Flexible working hours.
* Remote work opportunity, offering work\-life balance.



  





 NOTE: Pay will vary by project and typically i
 **s up to Rs. 500 per hou** 
 r (if you work an average of 3 hours every day \- that could be as high as Rs 45K per month) once you clear our screening process.
 



  





 Join us and be part of a dynamic team creating impactful multilingual content!",IT Services and IT Consulting,https://www.linkedin.com/company/deccan-ai-experts,https://media.licdn.com/dms/image/v2/D560BAQFXntEK8DNrzw/company-logo_100_100/B56Zq6DHTdHQAY-/0/1764057971045/deccan_ai_experts_logo?e=2147483647&v=beta&t=4-gq03srQ8VNZkx_tCNZP6W9rR9fPvSFrJUihToihr0,,,,,,,,,,,
li-4371749215,linkedin,https://www.linkedin.com/jobs/view/4371749215,,Financial Analyst | Remote,Crossing Hurdles,,2026-02-13,contract,,,,,,True,associate,Finance,,,"**Position:** 
 Financial Manager
 



**Type:** 
 Hourly Contract
 



**Compensation:** 
 $90–$150/hr
 



**Location:** 
 Remote
 



**Duration:** 
 10\-40 hours/week (scalable up to 30\+ hours/week), flexible and asynchronous
 



  





**Role Responsibilities** 



* Create structured tasks and deliverables based on common real\-world financial management scenarios
* Analyze practical financial problems and articulate clear, logical solutions
* Review and evaluate AI\-generated financial outputs for accuracy and applicability
* Provide written feedback to improve AI reasoning in finance\-related use cases
* Translate professional financial workflows into clear, structured documentation
* Collaborate asynchronously with research teams when required
* Ensure all outputs reflect real\-world financial standards and best practices



  





**Requirements** 



* Strong professional experience as a Financial Manager or in a closely related finance role
* Strong understanding of financial operations, planning, analysis, and reporting
* Ability to diagnose real\-world financial problems and translate them into structured tasks
* Excellent written communication skills with strong grammar and clarity
* Comfortable working independently in a remote, asynchronous environment
* Strong analytical thinking and attention to detail
* Ability to explain financial reasoning and decision\-making clearly for non\-finance audiences
* Reliability in meeting deadlines and managing workload autonomously



  





**Application process: (Takes 20 min)** 



* Upload resume
* Interview based on your resume (15 min)
* Submit form",Financial Services and Research Services,https://www.linkedin.com/company/crossinghurdles,https://media.licdn.com/dms/image/v2/D560BAQEGLWHBZmzzcA/company-logo_100_100/B56ZYzlx2LHEAY-/0/1744622264274/crossinghurdles_logo?e=2147483647&v=beta&t=1OM5cqz9v87L6uTSe2nKqbGcsAXbKTfCK6rnGpN_Wzk,,,,,,,,,,,
li-4372798966,linkedin,https://www.linkedin.com/jobs/view/4372798966,https://gfl.co.in/job-description/84/agm-dgm-procurement-commercial-logistics&urlHash=hyXW,"AGM/ DGM – Procurement,Commercial & Logistics",Gujarat Fluorochemicals Limited,"Dahej, Gujarat, India",2026-02-13,fulltime,,,,,,False,executive,Administrative,,,"**Job Description**
 Position Title AGM/ DGM – Procurement,Commercial \& Logistics Company Gujarat Fluoro Chemicals Limited Grade / Level AGM/ DGM – Procureme Division / Department Commercial
   

  

**Job Purpose**
* To procure material at most competitive prices and help reduce/ hold product cost so as to improve profitability.
* To ensure right quality of material in accordance with quality standard.
* To ensure availability of Direct Material at all manufacturing locations, without any loss of production
* To maintain cost effective inventory with least lead time and without compromising production schedules.
* To ensure sound process for selection and evaluation of suppliers, maintain and nurture supplier relationships to get best possible cost advantage in comparison to other companies.
* Develop, Implement \& Monitor Right Procurement Strategy to ensure sourcing of right quality material at optimum price with shortest possible lead time.
* To develop new competitive sources of direct material to take cost advance, create competitive environment and to reduce dependency on few sources.


 Apply",Chemical Manufacturing,https://in.linkedin.com/company/gujarat-fluorochemicals-limited,https://media.licdn.com/dms/image/v2/D4D0BAQE-BzEVWOfhlg/company-logo_100_100/company-logo_100_100/0/1696498803503/gujarat_fluorochemicals_limited_logo?e=2147483647&v=beta&t=xyHvD-WpVQmz-CASvnA5TIUp5dY8GZbTxnQ4b8d-7v0,,,,,,,,,,,
li-4371752663,linkedin,https://www.linkedin.com/jobs/view/4371752663,https://forms.gle/X6DYDTpNgJvkVQ6N7&urlHash=6tDf,Content Creator (Instagram/Reels),Licious,"Bengaluru, Karnataka, India",2026-02-13,fulltime,,,,,,False,associate,Marketing,,,"We are Licious and we are a Bengaluru based meat and seafood company founded in 2015 by Abhay Hanjura and Vivek Gupta, our founders, foodies and friends. We pride ourselves on being India’s most successful D2C food\-tech brand operating in 20 cities across the country delighting over 32 lakh customers with our de\-licious fresh meat and seafood!
 



  





  





 Think you have what it takes to be the magic ingredient in the recipe that is Licious? Read on...
 



  





**What makes the role meaty** 
 ?
 


* Plan and execute shoots for daily social content across offline store channels, ensuring it feels authentic, community\-first, and drives brand love, consideration, and store walk\-ins
* Create fast, entertainment\-led content for Licious’ main social pages aligned with brand and business goals
* Rapidly ideate, script, and storyboard content from original concepts to high\-impact reels.
* Write sharp, witty copy and captions optimized for engagement, shares, and SEO discoverability
* Own end\-to\-end content creation, including conceptualization, writing, proofreading, and editing
* Track social performance metrics and dashboards to refine content strategy, hooks, scripts, and engagement
* Actively engage with the community through authentic comment and DM interactions.
* Collaborate with designers and editors by briefing edits, effects, and visual direction while maintaining brand consistency



  





  





**We hope that you...** 



* Are equally comfortable in front of the camera and behind it and great at making people feel at ease onset.
* Have 2–3 years of hands\-on experience creating fast, high\-impact content for brands.
* Are deeply obsessed with food culture (especially meat, fish, and seafood)
* Are fluent with AI tools like MidJourney, Runway, Claude, Google Veo3, and more.
* Thrive in fast\-paced environments, work independently and collaborate seamlessly with teams
* Turn trends and insights into community\-first, scroll\-stopping ideas
* Are proactive, detail\-driven, and always on top of the latest content trends and platform updates","Food and Beverage Manufacturing, Food and Beverage Retail, and Internet Marketplace Platforms",https://in.linkedin.com/company/licious,https://media.licdn.com/dms/image/v2/D560BAQGovlJecCj8Hw/company-logo_100_100/B56Zsg3tcWIcAQ-/0/1765783034204/licious_logo?e=2147483647&v=beta&t=m0YPaPIyDIGoG5-SyLGz8ByXcMQ73hbmYdM9eiD2MEs,,,,,,,,,,,
li-4371751179,linkedin,https://www.linkedin.com/jobs/view/4371751179,,Senior Data Scientist - Ads,Nykaa,"Bangalore Urban, Karnataka, India",2026-02-13,fulltime,,,,,,False,associate,Engineering,,,"**Senior Machine Learning Scientist (IC) – AdTech** 




  





**About the Team** 




*Nykaa’s AdTech Data Science team is at the forefront of building intelligent, ML\-powered advertising products including Sponsored Products, Display Ads, and Creative Personalization. We aim to serve highly relevant, personalized ads to millions of users while maximizing advertiser success through scalable, automated systems.* 




  





 In this role, you will be a hands\-on contributor driving the design, development, and deployment of core ML models powering Nykaa’s ad platform. You will collaborate closely with product, engineering, and business stakeholders to solve high\-impact problems in advertising science.
 



  





  





**What Are We Looking For?** 




  





**Education** 




 Bachelor’s or Master’s degree in Computer Science, Machine Learning, Statistics, Mathematics, or a related technical field from a reputable institution.
 



  





**Experience** 



* 6\+ years of experience building and deploying production\-grade ML systems
* 2\+ years of experience in AdTech(Bidding, Pacing of the Ad Spend), performance marketing, marketplace ranking systems, or large\-scale recommender systems
* Proven experience taking ML models from ideation to production deployment
* Hands\-on experience working on high\-scale, real\-time systems



  





**Domain Expertise:** 



* CTR/CVR prediction and ranking systems
* Bid optimization and budget pacing
* Multi\-objective optimization (e.g., balancing revenue, user experience, advertiser ROI)
* A/B experimentation and incrementality measurement
* Personalization and recommendation systems
* Exposure to Generative AI for creative optimization or personalization workflows is a plus



  





**Technical Skills** 



* Strong foundation in ML algorithms (tree\-based models, deep learning, optimization methods)
* Good understanding of reinforcement learning, multi\-armed bandits, or Bayesian optimization (hands\-on experience preferred but not mandatory)
* Proficiency in Python and ML frameworks such as PyTorch, XGBoost, LightGBM, or Scikit\-learn
* Experience with large\-scale data processing using PySpark, SQL, or similar technologies
* Experience deploying models in production (real\-time inference, latency constraints, monitoring, retraining pipelines)
* Strong understanding of A/B testing design, experimentation frameworks, and metric evaluation



  





**Responsibilities** 




**ML Model Development** 



* Design and implement models for ad ranking, CTR/CVR prediction, bidding, and budget optimization
* Improve personalization strategies across sponsored and display ad formats
* Contribute to creative optimization efforts using ML and/or generative approaches



  





**Productionization \& System Thinking** 



* Build scalable data pipelines and model training workflows
* Work with engineering to ensure robust model deployment and monitoring
* Improve system performance with a focus on latency, scalability, and reliability



  





**Experimentation \& Impact** 



* Design and analyze online experiments to measure model impact
* Define success metrics aligned with advertiser performance and user engagement
* Continuously iterate based on data\-driven insights



  





**Cross\-Functional Collaboration** 



* Partner with Product to define ML\-driven features and roadmap priorities
* Communicate technical concepts clearly to non\-technical stakeholders
* Contribute to design discussions and influence product decisions through data



  





**Why Join Nykaa AdTech?** 



* Work on large\-scale, real\-world ML problems in advertising and personalization
* Build high\-impact systems serving millions of users
* Contribute to shaping India’s leading beauty and lifestyle platform’s AdTech ecosystem
* Be part of a fast\-growing team blending ML, economics, and user experience","Technology, Information and Internet, Banking, and IT Services and IT Consulting",https://in.linkedin.com/company/nykaa-com,https://media.licdn.com/dms/image/v2/D560BAQHyMYnSPRzzTg/company-logo_100_100/company-logo_100_100/0/1710399870119/nykaa_com_logo?e=2147483647&v=beta&t=bX-lD_LLOPXyOsUfo2ylUH8j27ZyimNzPgXWiCjpv0M,,,,,,,,,,,
li-4372109043,linkedin,https://www.linkedin.com/jobs/view/4372109043,,"Account Manager, SMB",LinkedIn,"Bengaluru, Karnataka, India",2026-02-12,fulltime,,,,,,False,entry level,Sales,,,"**Company Description**
 LinkedIn is the world’s largest professional network, built to create economic opportunity for every member of the global workforce. Our products help people make powerful connections, discover exciting opportunities, build necessary skills, and gain valuable insights every day. We’re also committed to providing transformational opportunities for our own employees by investing in their growth. We aspire to create a culture that’s built on trust, care, inclusion, and fun – where everyone can succeed.
   

  

 Join us to transform the way the world works.
   

  

**Job Description**
 At LinkedIn, our approach to flexible work is centered on trust and optimized for culture, connection, clarity, and the evolving needs of our business. The work location of this role is hybrid, meaning it will be performed both from home and from a LinkedIn office on select days, as determined by the business needs of the team.
   

  

 We are looking for a Talent Solutions Account Manager to join our team in tapping into potential client opportunities, generating new business, as well as managing client relationships as a trusted advisor and bringing value to our customers. You will strategically approach target companies and teams, identify the best technology options and sell corporate solutions for recruitment. Although you strive to meet and exceed quota, you will always act as the clients’ internal advocate and in the best interest of the clients.
   

  

 Responsibilities:
   

  

* Effectively execute a high volume of contract renewals that maximize value, while protecting and developing the customer relationship
* Own, drive and manage a series of touchpoints with your customers, throughout the life of their contract, to ensure consistent engagement \& education on LinkedIn’s evolving solutions.
* Identify customers’ business objectives, uncover roadblocks, and multithread to establish a strategic partnership
* Cross\-sell LinkedIn’s portfolio of Talent \& Learning Solutions, aligned with the business goals \& outcomes of your customer.
* Accurately maintain a quarterly forecast of renewals in your territory
* Develop and execute a strategic plan for the territory and document and distribute competitive information.
* Leverage peers \& manager to help problem\-solve, ramp\-up, \& close deals. Effectively utilize sales processes and tools
* Invest in colleagues and give coaching and advice when you see an opportunity for improvement.
* Work to develop and circulate the set of best practices that will be the foundation of this team.
* Listen to the needs of the market and share insights with product and marketing team.
* Be proactive about solving problems even if it’s outside of your area and be ready to take on additional initiatives and responsibilities as they emerge.


**Qualifications**
 Basic Qualifications:
   

  

* 3\+ years of experience in sales or account management


 Preferred Qualifications:
   

  

* Proficiency in MS Office (Outlook, Excel, Word and PowerPoint)
* Experience with recruiting/HR software, SaaS opportunities and Salesforce.com
* Strong understanding of the talent acquisition/staffing agency industry
* Solid negotiation skills that allow for value\-based contract negotiations at the senior level
* Excellent communication and project, time and customer management skills
* Demonstrated ability to find, manage and close Enterprise businesses in an evangelistic sale environment.


 Suggested Skills:
   

  

* Consultative Selling
* Customer\-Centric Approach
* Growth Mindset
* Collaboration
* Time Management


**Additional Information**
**India Disability Policy**
 LinkedIn is an equal employment opportunity employer offering opportunities to all job seekers, including individuals with disabilities. For more information on our equal opportunity policy, please visit https://legal.linkedin.com/content/dam/legal/Policy\_India\_EqualOppPWD\_9\-12\-2023\.pdf
   

  

**Global Data Privacy Notice for Job Candidates**
 Please follow this link to access the document that provides transparency around the way in which LinkedIn handles personal data of employees and job applicants: https://legal.linkedin.com/candidate\-portal.","Technology, Information and Internet",https://www.linkedin.com/company/linkedin,https://media.licdn.com/dms/image/v2/C560BAQHaVYd13rRz3A/company-logo_100_100/company-logo_100_100/0/1638831590218/linkedin_logo?e=2147483647&v=beta&t=_PvUQac1LcQjfzQ33gtxFqjvIxBbtsM9ZqIxLs5QcFI,,,,,,,,,,,
li-4371539674,linkedin,https://www.linkedin.com/jobs/view/4371539674,,Associate Analyst-Analyst-FTV-Private Equity,EY,"Gurugram, Haryana, India",2026-02-12,fulltime,,,,,,False,associate,Finance and Sales,,,"At EY, you’ll have the chance to build a career as unique as you are, with the global scale, support, inclusive culture and technology to become the best version of you. And we’re counting on your unique voice and perspective to help EY become even better, too. Join us and build an exceptional experience for yourself, and a better working world for all.
   

  

**Career Family**
 Risk Management Service
   

  

**Role Type**
 Associate Analyst/Analyst
   

  

**Associate Analyst/Analyst, Risk Management**
 This role requires the candidate to execute globally defined processes built in accordance with the EY Global (EYG) Independence policies aimed towards safeguarding EY as an Independent auditor. These services are provided to EY country practices across globe enabling them to take decisions on new client acceptances and/or continuances.
   

  

**The Opportunity**
 Risk Management Services (RMS) is an internal function within EY GDS (Global Delivery services), responsible for protecting the organization from the risks that may arise from its professional practice. We work closely with all parts of the organization to identify and manage risks, providing coordinated advice and assistance on suite of services like Independence, Conflicts, Compliance, regulatory, policy and security issues as well as dealing with claims and queries regarding ethics. Formed in 2007, the RMS team is growing rapidly as a Center of Excellence for all standardized quality/compliance related activities.
   

  

 This role will be part of the largest sub\-service functions, i.e., Independence within Risk Management Services (RMS) responsible for assisting client\-serving teams in maintaining EY’s Independence for its existing and prospective audit/non\-audit clients.
   

  

 Auditor Independence is a regulatory requirement that aims to create an ‘arm’s length’ distance between the Accounting Firm, its client serving employees and EY’s audit clients. This is done to ensure that that EY Member Practices and their professionals should be (in fact) and should appear to be (in appearance) free from interests that might be regarded as being incompatible with objectivity, integrity, and impartiality of the audit.
   

  

 RMS Independence team is currently 950\+ people strong, operating from 3 countries and 5 centre’s: India (Gurugram, Kochi, Bengaluru), Poland (Wroclaw), Philippines (Manila). The team is closely integrated with Global Independence and has been involved in development of key Independence processes.
   

  

 The role offers opportunities to work in a dynamic, growth\-focused environment, with an objective of protecting EY’s reputation as an independent auditor, by providing support on niche profiles to EY member firm practices. It also involves close collaboration with global teams and stakeholders to strengthen the compliance framework and foster a mindset of continuous improvement and client enablement.
   

  

**Key Responsibilities**
 An associate analyst in the team will be primarily responsible to develop working knowledge of firm level Independence concepts. The individual will be performing work procedures as laid down in the EYG Independence policies along with attaining hands\-on experience in research/analysis and making updates post review by project managers to various EY tools and databases, thereby helping client serving/audit teams in mitigating independence\-related risk.
   

  

 In this role, candidate will be required to perform a review of submissions of documents/ requests from client serving teams to evaluate completeness, accuracy, of requests raised and perform reconciliation, research and analysis of information with various EY Independence and finance tools to update these systems with accurate information. The individual will be required to communicate with project managers and team members from audit/pursuit teams to perform follow ups for responses and completion of procedures.
   

  

**Technical expertise**
* Build good understanding and ability to interpret client’s company structure, applicability of different entity attributes and relationships in accordance with audit client and affiliate definition as per EYG Independence policy.
* Build working knowledge of different internal Independence and financial tools and systems.
* Ability to comprehend interdependencies between systems to identify and fix discrepancies and bringing information in sync.
* Conduct secondary research using internal and external databases.
* Perform reconciliation, research and draft recommendations for review by project managers as part of the procedures.
* Actively participate in knowledge calibration sessions by asking relevant questions and highlight any process understanding gaps timely.
* Understand and work towards meeting and exceeding the defined individual KPIs for the role.


**Skills And Attributes For Success**
* Display responsiveness by acknowledging emails and messages timely.
* Ability to work with an inclusive mindset.
* Must possess a client\- centric and enablement mindset.
* Possess strong communication and inter\-personal skills.
* Prioritize tasks and manage time effectively to meet client expectations without compromising on quality or deadlines and keeping others informed of status and activities.
* Uphold the highest standards of ethics, integrity, and values.
* Understanding of existing technologies and willingness to adapt to new digital tools to enhance efficiency.


**To Qualify for the Role, You Must Have**
* Graduate/Masters/Post\-graduate degree (preferably in Finance domain) from a reputed institution.
* 0 – 1 year of experience in research and analysis in a professional services firm.
* Candidates with exposure of handing client interaction would be preferred.
* Well\-developed analytical, interpersonal, and communication (both verbal and written) skills in English
* Basic understanding of type of company structures, Ownership structures, awareness of auditor Independence and basic risk management concepts.


**Technologies and Tools**
* Intermediate level of knowledge in MS Office (Outlook, MS Word, MS Excel, SharePoint etc)


**What You Can Look Forward To**
* A team of people with technical experience, business acumen and enthusiasm to learn new things in this fast\-moving environment.
* A team of professionals driven by growth and client enablement mindset, while safeguarding EY’s brand name.
* A team that runs on foundational values of trust, respect, integrity and teaming.
* A team that functions with One\-Team mindset and values diversity and inclusiveness.
* Opportunities to work with Global teams and stakeholders on strengthening the compliance framework.
* A team that thrives on continuous improvement and bringing in efficiencies to processes.


**What We Offer**
 EY Global Delivery Services (GDS) is a dynamic and truly global delivery network. We work across six locations – Argentina, China, India, the Philippines, Poland, and the UK – with teams from all EY service lines, geographies, and sectors, playing a vital role in the delivery of the EY growth strategy. From accountants to coders to advisory consultants, we offer a wide variety of fulfilling career opportunities that span all business disciplines. In GDS, you will collaborate with EY teams on exciting projects and work with well\-known brands from across the globe. We’ll introduce you to an ever\-expanding ecosystem of people, learning, skills, and insights that will stay with you throughout your
   

  

 career.
   

  

* Continuous learning: You’ll develop the mindset and skills to navigate whatever comes next.
* Success as defined by you: We’ll provide the tools and flexibility, so you can make a meaningful impact, your way.
* Transformative leadership: We’ll give you the insights, coaching, and confidence to be the leader the world needs.
* Diverse and inclusive culture: You’ll be embraced for who you are and empowered to use your voice to help others find theirs.


**EY \| Building a better working world**
 EY exists to build a better working world, helping to create long\-term value for clients, people and society and build trust in the capital markets.
   

  

 Enabled by data and technology, diverse EY teams in over 150 countries provide trust through assurance and help clients grow, transform and operate.
   

  

 Working across assurance, consulting, law, strategy, tax and transactions, EY teams ask better questions to find new answers for the complex issues facing our world today.",Professional Services,https://uk.linkedin.com/company/ernstandyoung,https://media.licdn.com/dms/image/v2/C510BAQGpRhkpxp5A9A/company-logo_100_100/company-logo_100_100/0/1630570672166/ernstandyoung_logo?e=2147483647&v=beta&t=b0upZAfAhCLoq3ru166xwEzp681OHwS_p2jRguRs5Fo,,,,,,,,,,,
li-4372183270,linkedin,https://www.linkedin.com/jobs/view/4372183270,https://careers.db.com/professionals/search-roles/?test.html%3Fkid%3D=linkedinjobwrap#/professional/job/70838&urlHash=7k7m,Business Finance Analyst,Deutsche Bank,"Mumbai, Maharashtra, India",2026-02-12,fulltime,,,,,,False,not applicable,Finance and Sales,,,"**Position Overview**
**In Scope of Position based Promotions (INTERNAL only)**
**Job Title: Business Finance Analyst**
**Corporate Title: NCT**
**Location: Mumbai, India**
**Role Description**
* This is a role within Business Finance, where the candidate will be accountable for the managing Business Finance control functions for Origination \& Advisory business.
* The products covered are Loans, Bonds, Equities \& OTC products.


**What We’ll Offer You**
 As part of our flexible scheme, here are just some of the benefits that you’ll enjoy,
   

  

* Best in class leave policy.
* Gender neutral parental leaves
* 100% reimbursement under childcare assistance benefit (gender neutral)
* Sponsorship for Industry relevant certifications and education
* Employee Assistance Program for you and your family members
* Comprehensive Hospitalization Insurance for you and your dependents
* Accident and Term life Insurance
* Complementary Health screening for 35 yrs. and above


**Your Key Responsibilities**
* Produce \& Review daily P\&L and risk reporting along with P\&L attribution \& flash vs actual reconciliation.
* Perform month\-end close activities – SAP journals and reconciliations
* Balance sheet substantiation, i.e. obtaining requisite supports for GL accounts in line with MRP policy
* Preparation of regulatory disclosures
* Production of various MIS reports for the above businesses within agreed timelines
* Coach new joinees in the team; allocate tasks and train them with guidance from manager.
* Review work performed by analysts in the team.
* Identify process gaps and suggest / implement improvements
* Cross train colleagues and create back\-ups for all tasks
* Participate in weekly / monthly conference calls with onshore counterparts
* Prepare and update documentation for the processes being performed
* Maintaining the SOX documentation as required


**Your Skills And Experience**
* An experience of 3 \- 5 years in the core accounting function of an organisation would be an advantage.
* Strong understanding of financial market products such as Loans, Bonds \& CDS.
* Adaptable and culturally aware. Experience of working in a global environment preferable.
* Proven ability to, own and develop successful relationships with front office and/or external clients
* Strong team player with integrity
* Ability to manage time effectively, prioritizes responsibilities, and escalates issues as necessary.
* Excellent command of the English language
* Proficient in Microsoft Office applications, strong Word and Excel skills required.


**Education / Certification/ Skills**
* Commerce graduate / MBA (finance) or pursuing professional qualification in the areas of CA / ICWA / CFA.


**How We’ll Support You**
* Training and development to help you excel in your career.
* Coaching and support from experts in your team.
* A culture of continuous learning to aid progression.
* A range of flexible benefits that you can tailor to suit your needs.


**About Us And Our Teams**
 Please visit our company website for further information:
   

  

**https://www.db.com/company/company.html**
 We strive for a culture in which we are empowered to excel together every day. This includes acting responsibly, thinking commercially, taking initiative and working collaboratively.
   

  

 Together we share and celebrate the successes of our people. Together we are Deutsche Bank Group.
   

  

 We welcome applications from all people and promote a positive, fair and inclusive work environment.",Financial Services,https://de.linkedin.com/company/deutsche-bank,https://media.licdn.com/dms/image/v2/D4E0BAQHPxOQjSTf63Q/company-logo_100_100/company-logo_100_100/0/1733126326977?e=2147483647&v=beta&t=Sox1AP2RLBDINbiSLzHmDnuHDV-LTcQdBKVQ2b6mFVg,,,,,,,,,,,
li-4372104127,linkedin,https://www.linkedin.com/jobs/view/4372104127,,IR & Admin- Executive,Larsen & Toubro,"Vadodara, Gujarat, India",2026-02-12,fulltime,,,,,,False,entry level,Business Development and Sales,,,"* 
+ Compliance Execution: Implement processes to maintain adherence to applicable labor laws; manage documentation, renewals, returns, and timely filings.
+ Stakeholder Coordination: Support liaison with authorities, contractors, and local bodies; assist in resolving notices and grievances.
+ Welfare Implementation: Set up and maintain welfare \& CSR facilities and ensure statutory benefits are delivered effectively.
+ Data \& Records Management: Maintain attendance, leave records, MIS reports, and filing systems accurately and on time.
+ Infrastructure Support: Execute arrangements for utilities, accommodation, conveyance and events; coordinate with vendors and ensure readiness.
+ Digital Tools Usage: Accurately use platforms for attendance, reporting, and documentation; support digitization initiatives.
+ Time Office: Implementing time office functions with 100% accuracy and compliance including digital record maintenance, timely wage disbursement and grievance handling.
+ Vendor Management: Maintaining vendor relations including timely receiving of bills and records, timely payment disbursement, compliance verification and coordination for timely execution and handover of Work orders, LOIs, offer letters etc.
+ Training \& Welfare Programs: Organize and participate in training sessions and community welfare programs.",Executive Offices,https://in.linkedin.com/company/larsen-&-toubro-limited,https://media.licdn.com/dms/image/v2/C4D0BAQFnEYpR8MlYsA/company-logo_100_100/company-logo_100_100/0/1631300737624?e=2147483647&v=beta&t=XwrPkxNIwc_l-G-D6Dfak1uo1oK-wEZfcwpUN3QD9WQ,,,,,,,,,,,
li-4372998855,linkedin,https://www.linkedin.com/jobs/view/4372998855,,Software Engineer,Microsoft,"Hyderabad, Telangana, India",,fulltime,,,,,,False,not applicable,Engineering and Information Technology,,,"**Overview**
 Microsoft is a company where passionate innovators come to envision the future, build transformative products using cutting edge technology, and accelerate their careers. In an AI and cloud\-enabled world, the sky is the limit. Join us to build the next generation of products and services on a planetary scale!
   

  

 As part of Microsoft’s Azure Data engineering group, the databases team is in charge of building the next generation of database cloud services for our global customers. Our portfolio includes Azure SQL DB, Azure PostgreSQL, Azure MySQL, and Azure Cosmos DB. Our mission is to build the data platform for the age of AI, powering a new class of infinitely scalable data\-first applications.
   

  

 Come join Azure MySQL on our journey to build a best\-in\-class managed service for an AI\-enabled open\-source database offering. We are a team of passionate engineers working on a massive scale, and we are growing fast!
   

  

 Why join Azure MySQL?
   

  

 Be a pioneer. You will work on cutting\-edge technologies that enable the world’s most sophisticated customers to run mission\-critical workloads on a massive scale.
   

  

 Be at the forefront of the AI revolution. You will have the opportunity to explore new ideas, experiment with new technologies, and learn from world\-class peers and mentors.
   

  

 Make an impact. The Azure MySQL team is growing fast; this is an opportunity to join early and shape our technology and culture as we build the next generation of services.
   

  

 We do not just value differences or different perspectives. We seek them out and invite them in so we can tap into the collective power of everyone in the company. As a result, our customers are better served.
   

  

**Responsibilities**
* You are the key member in developing the product features which are key differentiators for the product offering.
* Contribute to discussions with stakeholders to enable solutions that is highly secure, reliable and performant.
* Lead by example within the team by producing extensible and maintainable code. Apply metrics to drive the quality and stability of code, as well as appropriate coding patterns and best practices.
* Participate in code reviews to ensure coding standards are followed. Consider diagnosability, reliability, and maintainability when reviewing code, and understand when code is ready to be shared or delivered.
* Identify needs for a broad versus selected approach in testing mechanisms and make informed decisions to implement the most effective tests. Drive efforts to add new tests, remove antiquated tests, and aggregate tests to improve the test suite.
* Maintain operations of live service as issues arise on a rotational, on\-call basis.
* Work in a culture of continuous improvement, adaptation, reflection, and growth .


**Qualifications**
**Required Qualifications**
 Bachelor's Degree in Computer Science, or related technical discipline with proven experience coding in languages including, but not limited to, C, C\+\+, C\#, Java, JavaScript, or Python OR equivalent experience.
   

  

**Preferred Qualifications**
 Master's Degree in Computer Science or related technical field with proven experience coding in languages including, but not limited to, C, C\+\+, C\#, Java, JavaScript, or Python OR Bachelor's Degree in Computer Science or related technical field AND 2\+ years technical engineering experience with coding in languages including, but not limited to, C, C\+\+, C\#, Java, JavaScript, or Python OR equivalent experience.
   

  

 Strong programming skills and deep knowledge of your programming language of choice and its standard library.
   

  

 Deep understanding of data structures and algorithms.
   

  

 \#EiP
   

  

 This position will be open for a minimum of 5 days, with applications accepted on an ongoing basis until the position is filled.
   

  

 Microsoft is an equal opportunity employer. All qualified applicants will receive consideration for employment without regard to age, ancestry, citizenship, color, family or medical care leave, gender identity or expression, genetic information, immigration status, marital status, medical condition, national origin, physical or mental disability, political affiliation, protected veteran or military status, race, ethnicity, religion, sex (including pregnancy), sexual orientation, or any other characteristic protected by applicable local laws, regulations and ordinances. If you need assistance with religious accommodations and/or a reasonable accommodation due to a disability during the application process, read more about
 **requesting accommodations.**",Software Development,https://www.linkedin.com/company/microsoft,https://media.licdn.com/dms/image/v2/D560BAQH32RJQCl3dDQ/company-logo_100_100/B56ZYQ0mrGGoAU-/0/1744038948046/microsoft_logo?e=2147483647&v=beta&t=rr_7_bFRKp6umQxIHErPOZHtR8dMPIYeTjlKFdotJBY,,,,,,,,,,,
li-4372993927,linkedin,https://www.linkedin.com/jobs/view/4372993927,https://apply.careers.microsoft.com/careers/job/1970393556746327?utm_source=linkedin&domain=microsoft.com&src=LinkedIn&urlHash=ygWI,Software Engineer,Microsoft,"Bengaluru, Karnataka, India",,fulltime,,,,,,False,not applicable,Engineering and Information Technology,,,"**Overview**
 The Microsoft Security organization’s mission of making the world a safer place has never been more important. As threats become more frequent and sophisticated, we drive improvements into our security products that keep our customers, apps, and their devices safe. Security is one of the fastest growing, collaborative, fun teams with a startup mindset within Microsoft. The Microsoft Defender family offers comprehensive threat prevention, detection, and response capabilities for everyone – from individuals looking to protect their family to the world’s largest enterprises.
   

  

 Linux servers run very business critical workloads for our customers. These have become very attractive targets for the attackers to create havoc for our customers. Microsoft Defender for Endpoint provides a security solution to protect the Linux Servers with high performance, quality, and more importantly innovative security solutions. We are hiring a Principal Engineering manager for this business/product.
   

  

 Providing “Peace of mind” to our customers with our security solutions is what excites us every day! Our team has people from a wide variety of backgrounds, previous work history, and life experiences, and we are eager to maintain and grow that diversity. We are passionate about learning on the job, collaborating with other teams, and being customer obsessed. Come join us if you are passionate about positively impacting over a billion users from all walks of life through easy\-to\-use cyber security products.
   

  

**Responsibilities**
* Develop, test, and maintain extensible and reusable code, identifying and addressing coding issues, and conducting effective code reviews, deployment, scale, performance and quality, from conception to delivery.
* Work closely with a geographically distributed team, including product managers, security researchers, and developers, to develop key product improvements.
* The features that you build must be of high quality and must meet all the quality criteria for a feature release.
* Uphold and promote the organizational culture and values, fostering an environment of innovation, quality, and accountability.


**Qualifications**
* 1\-3 years of experience as a software engineer working on enterprise software and a proven track record of having shipped commercially successful software products \& services.
* Excellent communication skills and ability to collaborate in a multi\-disciplinary team consisting of Software Engineers, Program Managers, Security researchers, and Data Scientists.
* Strong debugging and problem\-solving skills.
* Familiar with secure software development life cycle.
* Experience with software development tools such as source control systems (GIT), automated build systems, compilers, software validation systems, project tracking, and lifecycle management systems.
* Work independently, drive technical and architectural dependencies.
* BS or MS degree in Computer Science


 Join our team and be a part of an innovative and dynamic environment where you can make a significant impact on the future of endpoint management for Linux. Apply today and help us shape the future of technology!
   

  

  

  

 This position will be open for a minimum of 5 days, with applications accepted on an ongoing basis until the position is filled.
   

  

 Microsoft is an equal opportunity employer. All qualified applicants will receive consideration for employment without regard to age, ancestry, citizenship, color, family or medical care leave, gender identity or expression, genetic information, immigration status, marital status, medical condition, national origin, physical or mental disability, political affiliation, protected veteran or military status, race, ethnicity, religion, sex (including pregnancy), sexual orientation, or any other characteristic protected by applicable local laws, regulations and ordinances. If you need assistance with religious accommodations and/or a reasonable accommodation due to a disability during the application process, read more about
 **requesting accommodations.**",Software Development,https://www.linkedin.com/company/microsoft,https://media.licdn.com/dms/image/v2/D560BAQH32RJQCl3dDQ/company-logo_100_100/B56ZYQ0mrGGoAU-/0/1744038948046/microsoft_logo?e=2147483647&v=beta&t=rr_7_bFRKp6umQxIHErPOZHtR8dMPIYeTjlKFdotJBY,,,,,,,,,,,
li-4373216781,linkedin,https://www.linkedin.com/jobs/view/4373216781,,Associate,PwC India,"Mumbai, Maharashtra, India",,fulltime,,,,,,False,associate,Other,,,"**Line of Service**
 Advisory
   

  


**Industry/Sector**
 Not Applicable
   

  


**Specialism**
 Deals
   

  


**Management Level**
 Associate
   

  


**Job Description \& Summary**
 A career within Deals Transaction Services, will provide you the opportunity to help organisations realise the potential of mergers, acquisitions and divestitures and capital markets. In short, we help some of the world’s leading companies originate, create, execute, and realise value from deals. Through data driven insights we help our clients move in the right direction ensuring maximum value for their company.
   

  

  

 Experience Required – 1 to 6 years Location – Gurgaon / Mumbai / Bangalore Qualification \- CA Job description of TS professional at PwC: · Independently manage projects of medium to large complexity. · Exhibit strong business acumen and analytical skills. Strong in audit related skills. · Adept at identifying issues for purchase price adjustments, working capital and debt like adjustments · Strong communication skills, both verbal and written. · Independently write deliverables and articulate point of views. · Ability to build strong internal connections within the organization. Technically sound in Indian GAAP / Indian Accounting standards · Proficient in excel and Should be familiar with the data and analytics tools such as Altryx, Power BI, Power Pivot, Tableau, etc · Exhibit the highest level of integrity.
   

  

 Mandatory skill sets\- 
 **Financial Due Diligence** 
    
   

 Year of experience required\-    
 **0\-2 years** 
    
   

 Qualifications\-
 **CA**
**Required Skills**
 Financial Due Diligence
   

  

**Optional Skills**

**Desired Languages**
*(If blank, desired languages not specified)*

**Travel Requirements**

**Available for Work Visa Sponsorship?**

**Government Clearance Required?**

**Job Posting End Date**",Business Consulting and Services,https://in.linkedin.com/company/pwc-india,https://media.licdn.com/dms/image/v2/D4D0BAQHftNJPUMdOaw/company-logo_100_100/B4DZaB7vDpG8AQ-/0/1745936642766/pwc_india_logo?e=2147483647&v=beta&t=SojgDwrcTHoGClirqRNx4PWnrYfq0t7otcUpSeKV8z0,,,,,,,,,,,
li-4373218625,linkedin,https://www.linkedin.com/jobs/view/4373218625,https://vshhospital.com/career/radiographer/&urlHash=1bA0,Radiographer,VSH Hospital,"Bengaluru, Karnataka, India",,fulltime,,,,,,False,mid-senior level,Health Care Provider,,,"Radiology 4 Years of Experience Salary: ₹300000\.00 LPA Qualification: Degree Posted on February 14, 2026
   

  

**Job Summary**
 A radiographer is a certified healthcare professional responsible for producing high\-quality diagnostic images (X\-rays, CT scans, MRIs) to aid in patient diagnosis and treatment. They prepare patients, ensure safety protocols, operate complex equipment, and collaborate with medical teams, working in hospitals or imaging centers.
   

  

 Interested can connect on 7022660333 through call or whats app.
   

  

**Responsibilities**
**Key Responsibilities**
* Imaging Procedures: Performing X\-rays, CT scans, MRIs, and other diagnostic scans to visualize internal structures.
* Patient Care: Preparing patients, explaining procedures, ensuring comfort, and obtaining consent.
* Safety \& Compliance: Adhering to strict radiation safety guidelines (e.g., IRMER) to protect patients and staff.
* Equipment Management: Operating, maintaining, and performing quality control checks on imaging equipment.
* Collaboration: Working with doctors and radiologists to provide accurate imaging data for diagnosis.
* Record Keeping: Maintaining accurate patient records, imaging results, and patient confidentiality.


 Skill Required
   

  

**Key Skills \& Requirements**
* Qualifications: A degree in radiography or a related field, often with state licensing or registration (e.g., HCPC in the UK).
* Technical Proficiency: Strong knowledge of anatomy, physiology, and imaging technology.
* Communication: Excellent interpersonal skills for interacting with patients and medical staff.
* Attention to Detail: Ability to produce high\-quality, precise images.
* Physical Stamina: Ability to stand for long periods and move patients.


**Working Conditions**
* Hours: Often involves shift work, including nights, weekends, and on\-call, to cover emergency services.
* Environment: Hospital radiology departments, emergency rooms, and clinics.",Hospitals and Health Care,https://in.linkedin.com/company/vsh-hospital,https://media.licdn.com/dms/image/v2/C4E0BAQEcNjilVcwGQA/company-logo_100_100/company-logo_100_100/0/1654856527344?e=2147483647&v=beta&t=i7rUML_cYfgF_9pbbJxDa3FwZZ5a-51NSBVIWBgqPro,,,,,,,,,,,
li-4372069692,linkedin,https://www.linkedin.com/jobs/view/4372069692,,Deputy Manager - Operations & Maintenance,Adani Total Gas,"Ahmedabad, Gujarat, India",,fulltime,,,,,,False,mid-senior level,Management and Manufacturing,,,"**About Business**
**JOB DESCRIPTION**
**Adani Group:** 
 Adani Group is a diversified organisation in India comprising 10 publicly traded companies. It has created a world class logistics and utility infrastructure portfolio that has a pan\-India presence. Adani Group is headquartered in Ahmedabad, in the state of Gujarat, India. Over the years, Adani Group has positioned itself to be the market leader in its logistics and energy businesses focusing on large scale infrastructure development in India with O \& M practices benchmarked to global standards. With four IG rated businesses, it is the only Infrastructure Investment Grade issuer in India.
   

  

**Adani** 
**Total Gas** 
**Limited (A** 
**TG** 
**L)** 
**:** 
 Adani Total Gas Limited is a prominent entity in India's energy sector, specializing in the distribution of natural gas. It operates as a joint venture between the Adani Group and TotalEnergies.
   

  

 ATGL is actively involved in the development of City Gas Distribution (CGD) networks, supplying Piped Natural Gas (PNG) to domestic, commercial, and industrial users, as well as Compressed Natural Gas (CNG) to the transport sector. The company has established CGD networks in various regions, including Ahmedabad and Vadodara in Gujarat, Faridabad in Haryana, and Khurja in Uttar Pradesh. Additionally, through a consortium with Indian Oil Corporation Ltd, ATGL is expanding its services to areas such as Allahabad, Chandigarh, Ernakulam, Panipat, Daman, Dharwad, and Udham Singh Nagar.
   

  

 In line with its commitment to sustainable energy solutions, ATGL has ventured into renewable energy initiatives. The company has established Adani TotalEnergies Biomass Limited (ATBL), a wholly owned subsidiary dedicated to the development of biogas activities in India.
   

  

 Through its comprehensive approach to energy distribution and sustainable practices, Adani Total Gas Limited continues to play a vital role in enhancing energy accessibility and contributing to India's infrastructure development.
   

  

**Job Purpose**
 To provide technical expertise and hands\-on support in the operations and maintenance of PNG pipelines, ensuring the reliable and efficient delivery of services. The Operations and Maintenance Engineer plays a critical role in executing maintenance activities, troubleshooting technical issues, and ensuring compliance with safety and regulatory standards, all while contributing to the continuous improvement of operational processes and the overall performance of the system.
   

  

**Responsibilities**
**PNG O\&M Engineer \- O4**
**Operational Support**
* Assist in the day\-to\-day operations of PNG pipelines, ensuring the efficient and reliable delivery of services.
* Monitor the performance of equipment and systems, conducting routine inspections to identify and address any operational issues.
* Support the implementation of operational strategies and procedures developed by the O\&M Lead to optimize system performance and reliability.
* Ensure compliance with all regulatory, safety, and environmental standards during operations, reporting any deviations to the O\&M Lead.
* Provide technical support during the integration of new systems or equipment into existing PNG infrastructure.


**Maintenance Execution**
* Execute preventive and corrective maintenance activities on PNG pipelines equipment, ensuring minimal disruption to operations.
* Utilize diagnostic tools and techniques to monitor the condition of pipelines and infrastructure, identifying maintenance needs.
* Coordinate with contractors and service providers to carry out maintenance tasks, ensuring adherence to safety and quality standards.
* Maintain accurate and up\-to\-date records of all maintenance activities, inspections, and repairs, ensuring these are readily available for review.
* Implement best practices in maintenance management, contributing to continuous improvements in efficiency and effectiveness.


**Technical Problem Solving**
* Troubleshoot technical issues that arise during operations or maintenance activities, providing timely and effective solutions.
* Analyze system data and performance metrics to identify potential areas for improvement and to prevent future operational disruptions.
* Collaborate with the O\&M Lead to develop and implement engineering solutions that enhance the reliability and efficiency of PNG.
* Participate in technical meetings and reviews, offering insights and recommendations to optimize project outcomes.


**Safety And Compliance**
* Ensure all maintenance and operational activities comply with safety regulations and industry standards, minimizing the risk of accidents or incidents.
* Participate in safety audits and inspections, identifying potential hazards and implementing measures to mitigate risks.
* Assist in the development of safety protocols and procedures, ensuring they are adhered to by all team members and contractors.
* Prepare safety documentation, such as risk assessments and method statements, to support safe operations and maintenance practices.


**Documentation And Reporting**
* Prepare and maintain detailed technical documentation, including maintenance logs, inspection reports, and equipment manuals.
* Provide regular updates to the O\&M Lead on the status of ongoing maintenance activities and any issues encountered.
* Assist in the preparation of operational and maintenance reports for senior management, highlighting key findings and areas for improvement.
* Ensure that all documentation is organized, accessible, and complies with internal and external audit requirements.


**Team Collaboration And Communication**
* Work closely with other engineers, technicians, and team members to ensure smooth execution of maintenance and operational activities.
* Communicate clearly and effectively with contractors, suppliers, and vendors to ensure that project objectives and timelines are met.
* Participate in team meetings, providing updates on engineering activities and contributing to discussions on improving operational efficiency.
* Liaise with other departments as needed to ensure integrated and effective operations of PNG pipelines.


**Continuous Improvement And Learning**
* Stay informed about the latest developments in engineering practices, technologies, and industry standards relevant to PNG.
* Identify opportunities to improve maintenance processes and practices, proposing and implementing changes that enhance performance.
* Participate in training and professional development activities to enhance technical skills and knowledge, ensuring continued growth within the team.
* Share knowledge and insights with the team, contributing to a culture of continuous learning and improvement.


**KEY STAKEHOLDERS**
**Internal Stakeholders**
* Regional office
* Corporate office
* TechnoCommercial Team
* HSE Team
* Projects


**External Stakeholders**
* Vendors
* Contractors
* Local authorities
* Regulatory bodies
* Consultants


**Qualifications**
**Educational Qualification:**
 Bachelor’s degree in Civil Engineering, Mechanical Engineering, or a related field.
   

  

**Work Experience**
 4\+ years of experience in gas station construction operations and maintenance
   

  

**Preferred Industry**
 Experience in the gas distribution, oil and energy, or utilities sectors.",Utilities,https://in.linkedin.com/company/adanitotal-gas,https://media.licdn.com/dms/image/v2/C510BAQEQxbe2w02TKg/company-logo_100_100/company-logo_100_100/0/1630604115554?e=2147483647&v=beta&t=zliZHxmuV5nT56jYaZD6-p31Rjf-rM4b23dJVJd1ajs,,,,,,,,,,,
li-4372069967,linkedin,https://www.linkedin.com/jobs/view/4372069967,,Business Development Associate - Hindi - WFH - Jaipur,NxtWave,"Jaipur, Rajasthan, India",,fulltime,,,,,,True,associate,Sales and Business Development,,,"**You're ideal for this role if** 



* You're interested in guiding students with their career decisions
* You've the empathy to address all queries regarding NxtWave courses for potential learners and help them make a decision faster
* You've proven experience of direct interactions with customers (an added advantage)
* You're looking to work in the environment of a high\-growth startup
* Having 6 months or above of experience in sales, particularly within the EdTech sector, is advantageous.



  





**What will you be doing?** 



* Acting as a mentor \& guide, being a source of career advice for potential learners.
* Counselling learning prospects, offering career advice, and providing a sense of how CCBP 4\.0 Programs can accelerate their career.
* Establishing the effectiveness and uniqueness of CCBP 4\.0 Programs.
* Taking responsibility for the entire sales closing life cycle for your assigned leads. Phone/video calls, product demonstration, sales closing, and post\-sales relationship management fall under this category.
* Maintaining a detailed database of all the interactions with the leads and providing constant feedback on the quality of the leads to the respective team.
* Carrying weekly revenue and enrollment targets.



  





**What are we looking for?** 



* An individual with excellent
 **Hindi** 
 Communication skills, interpersonal abilities, and presentation skills.
* Highly dedicated individuals who are hardworking and extremely determined.
* Reliable and trustworthy individuals who can easily build rapport with prospects. People with a strong sense of empathy and great patience.
* People with a systematic approach to building sales funnels, tracking feedback, prioritizing tasks, and consistently exceeding targets within deadlines.
* A sales mindset to effectively communicate NxtWave offerings to prospective learners and achieve revenue targets.
* Passion for delivering the highest levels of customer service at all times.



  





**Languages Known:** 



* Native speaker of
 **Hindi** 
 .
* Proficiency in English will be an advantage.



  





**What do we offer?** 



* **Earn up to** 
**6 LPA** 
**(3\.6 LPA Fixed \+ performance\-based incentives)**



  





**Work Location \& Working Days:** 



* **Work from Home**
* **6 days a week**",Education Administration Programs and Education,https://in.linkedin.com/school/nxtwavetech/,https://media.licdn.com/dms/image/v2/C560BAQFzaJNs-JSe4w/company-logo_100_100/company-logo_100_100/0/1648218852378?e=2147483647&v=beta&t=sSuVqU9tHm131pQPqqCF0T-rPGWlmto8wTsDEO0eVzA,,,,,,,,,,,
li-4372078497,linkedin,https://www.linkedin.com/jobs/view/4372078497,,store Executive,LOOM SOLAR PVT. LTD.,"Faridabad, Haryana, India",,fulltime,,,,,,False,executive,Business Development,,,"**Key Responsibilities:**
* Handle inward and outward material entries in the system.
* Maintain proper stock records and inventory accuracy.
* Coordinate with Procurement and Production teams for material requirements.
* Ensure proper storage, labeling, and safety of materials.
* Conduct regular stock verification and physical audits.
* Prepare daily stock and consumption reports.
* Monitor material shortages and prevent stock discrepancies.


 Requirements
   

  

**Requirements:**
* Graduate / Diploma (Commerce / Supply Chain preferred).
* 1–3 years of experience in store or warehouse operations.
* Basic knowledge of inventory management and ERP systems.
* Good knowledge of MS Excel.
* Attention to detail and organizational skills.",Renewable Energy Semiconductor Manufacturing,https://in.linkedin.com/company/loom-solar,https://media.licdn.com/dms/image/v2/D560BAQGDci1fpYfgzA/company-logo_100_100/B56ZjAiCG9HkAQ-/0/1755576804494/loom_solar_logo?e=2147483647&v=beta&t=jCt3hcXjFdhCSzS2Y-7ZsNyIqAiHk34COGkREZNaYMg,,,,,,,,,,,
li-4372090387,linkedin,https://www.linkedin.com/jobs/view/4372090387,,Operations Manager,LOOM SOLAR PVT. LTD.,"Faridabad, Haryana, India",,fulltime,,,,,,False,executive,Business Development,,,"**Key Responsibilities:**
* Manage daily manufacturing operations of solar panel production.
* Plan production schedules and ensure timely achievement of targets.
* Monitor productivity, efficiency, and cost optimization.
* Coordinate with Quality, Procurement, Stores, and Dispatch teams.
* Ensure compliance with safety norms and company policies.
* Control inventory, reduce wastage, and improve operational efficiency.
* Lead and supervise production staff and shift in\-charges.
* Prepare MIS reports and present performance updates to management.



  

  

  

  




 Requirements
   

  

**Requirements:**
* B.Tech / Diploma in Mechanical / Electrical / Production Engineering.
* 5–10 years of experience in manufacturing operations (Solar / Electrical preferred).
* Strong leadership and team management skills.
* Knowledge of production planning, inventory control, and process improvement.
* Good analytical and reporting skills.",Renewable Energy Semiconductor Manufacturing,https://in.linkedin.com/company/loom-solar,https://media.licdn.com/dms/image/v2/D560BAQGDci1fpYfgzA/company-logo_100_100/B56ZjAiCG9HkAQ-/0/1755576804494/loom_solar_logo?e=2147483647&v=beta&t=jCt3hcXjFdhCSzS2Y-7ZsNyIqAiHk34COGkREZNaYMg,,,,,,,,,,,
